clean_zip,agency,count
10001,NYPD,24367
10001,DEP,16381
10001,DOT,10605
10001,HPD,9441
10001,TLC,8463
10001,DOB,8302
10001,DSNY,6132
10001,DHS,5687
10001,DCA,3270
10001,DOHMH,2890
10001,DPR,1356
10001,DOF,1255
10001,OSE,876
10001,EDC,488
10001,DFTA,249
10001,3-1-1,136
10001,DOITT,110
10001,DOE,27
10002,NYPD,56704
10002,HPD,34084
10002,DOT,20575
10002,DEP,15389
10002,DSNY,13692
10002,DOB,9549
10002,DPR,5500
10002,TLC,5351
10002,DOHMH,4994
10002,DOF,1970
10002,DCA,1951
10002,DHS,1813
10002,OSE,677
10002,DFTA,601
10002,EDC,473
10002,DOE,233
10002,3-1-1,219
10002,DOITT,141
10003,NYPD,39564
10003,HPD,26895
10003,DEP,20749
10003,DOT,18989
10003,DSNY,10654
10003,TLC,9562
10003,DOB,9191
10003,DHS,6562
10003,DOHMH,4675
10003,DPR,3896
10003,DOF,2954
10003,DCA,2002
10003,OSE,917
10003,EDC,422
10003,DFTA,307
10003,3-1-1,262
10003,DOITT,201
10003,DOE,129
10004,DOT,5132
10004,NYPD,4843
10004,DEP,3141
10004,TLC,1235
10004,DOB,837
10004,DPR,639
10004,DCA,629
10004,DHS,565
10004,DSNY,553
10004,DOHMH,500
10004,HPD,354
10004,DOF,314
10004,OSE,135
10004,EDC,76
10004,DOITT,58
10004,DOE,29
10004,DFTA,21
10004,3-1-1,21
10005,NYPD,5845
10005,DOT,4978
10005,DEP,3783
10005,TLC,1083
10005,DOB,857
10005,DHS,637
10005,DSNY,564
10005,DOF,519
10005,DCA,465
10005,HPD,436
10005,DOHMH,330
10005,DPR,190
10005,OSE,96
10005,3-1-1,61
10005,DOITT,44
10005,EDC,31
10005,DFTA,12
10006,DEP,2963
10006,NYPD,2562
10006,DOT,2268
10006,DOB,1001
10006,TLC,702
10006,HPD,462
10006,DSNY,353
10006,DOHMH,337
10006,DOF,296
10006,DHS,289
10006,DCA,180
10006,OSE,62
10006,DPR,55
10006,DOITT,33
10006,EDC,19
10006,3-1-1,17
10006,DOE,15
10006,DFTA,7
10007,NYPD,7954
10007,DOT,7644
10007,DEP,5225
10007,DOB,2202
10007,TLC,1943
10007,DSNY,1350
10007,DHS,1181
10007,DOHMH,1004
10007,DPR,739
10007,HPD,612
10007,DCA,568
10007,DOF,462
10007,EDC,162
10007,OSE,125
10007,DOITT,58
10007,3-1-1,39
10007,DFTA,32
10007,DOE,14
10009,NYPD,50903
10009,HPD,34752
10009,DEP,14825
10009,DSNY,9442
10009,DOT,8288
10009,DOB,7189
10009,TLC,4749
10009,DOHMH,4291
10009,DPR,3713
10009,DOF,2029
10009,DHS,1931
10009,DCA,921
10009,OSE,580
10009,DFTA,505
10009,3-1-1,346
10009,EDC,214
10009,DOE,108
10009,DOITT,55
10010,NYPD,15410
10010,DEP,11187
10010,HPD,10459
10010,DOT,8796
10010,DOB,4767
10010,TLC,4543
10010,DSNY,3279
10010,DHS,2243
10010,DOHMH,2067
10010,DOF,1786
10010,DPR,1354
10010,DCA,1280
10010,EDC,413
10010,OSE,343
10010,DFTA,174
10010,3-1-1,111
10010,DOITT,110
10010,DOE,50
10011,NYPD,28657
10011,HPD,23306
10011,DEP,20157
10011,DOT,14432
10011,DSNY,10749
10011,DOB,9766
10011,TLC,6561
10011,DPR,4793
10011,DHS,4762
10011,DOHMH,4301
10011,DOF,3520
10011,EDC,2803
10011,DCA,1615
10011,OSE,722
10011,DFTA,386
10011,3-1-1,171
10011,DOE,169
10011,DOITT,117
10012,NYPD,25006
10012,HPD,13868
10012,DEP,10438
10012,DOT,8789
10012,DSNY,8467
10012,DOB,6516
10012,TLC,5073
10012,DOHMH,2707
10012,DHS,2454
10012,DPR,1684
10012,DCA,1431
10012,DOF,1270
10012,OSE,671
10012,EDC,212
10012,3-1-1,164
10012,DFTA,155
10012,DOITT,52
10013,NYPD,24034
10013,DOT,20802
10013,DEP,14816
10013,HPD,10176
10013,DSNY,9042
10013,DOB,7820
10013,TLC,4052
10013,DOHMH,3196
10013,DOF,2021
10013,DHS,1998
10013,DCA,1995
10013,DPR,1480
10013,OSE,627
10013,EDC,257
10013,DFTA,163
10013,3-1-1,109
10013,DOITT,84
10013,DOE,22
10014,NYPD,24180
10014,HPD,17412
10014,DOT,14857
10014,DEP,12656
10014,DSNY,7712
10014,DOB,6972
10014,TLC,4117
10014,DPR,3671
10014,DOHMH,3363
10014,DOF,2360
10014,DHS,1603
10014,DCA,1034
10014,OSE,769
10014,EDC,374
10014,3-1-1,245
10014,DFTA,175
10014,DOITT,40
10014,DOE,34
10014,NYCEM,1
10015,DCA,1
10016,NYPD,26045
10016,DEP,21510
10016,HPD,19779
10016,DOT,15320
10016,TLC,8361
10016,DOB,8110
10016,DSNY,7038
10016,DHS,4754
10016,DOF,4287
10016,EDC,4141
10016,DOHMH,3681
10016,DPR,2107
10016,DCA,1825
10016,OSE,646
10016,DFTA,375
10016,DOITT,219
10016,3-1-1,134
10016,DOE,56
10017,NYPD,11407
10017,DEP,9009
10017,DOT,8764
10017,TLC,5843
10017,HPD,3520
10017,DHS,2944
10017,DOB,2903
10017,DOF,1873
10017,DSNY,1661
10017,DOHMH,1515
10017,DCA,1499
10017,DPR,858
10017,OSE,247
10017,DOITT,121
10017,DFTA,100
10017,EDC,37
10017,3-1-1,24
10018,NYPD,10053
10018,DEP,7471
10018,DOT,7053
10018,DOB,4131
10018,HPD,4113
10018,TLC,3807
10018,DHS,3004
10018,DCA,2734
10018,DSNY,2305
10018,DOHMH,1585
10018,OSE,543
10018,DOF,437
10018,DPR,416
10018,DOITT,117
10018,DFTA,70
10018,3-1-1,31
10018,EDC,11
10018,DOE,1
10019,NYPD,32385
10019,HPD,26228
10019,DOT,20531
10019,DEP,20488
10019,TLC,10028
10019,DOB,8957
10019,DSNY,6674
10019,DHS,5462
10019,DOF,3929
10019,DOHMH,3801
10019,DCA,2715
10019,DPR,2098
10019,OSE,644
10019,DFTA,331
10019,DOE,305
10019,DOITT,298
10019,3-1-1,112
10019,EDC,81
10020,DOT,844
10020,NYPD,602
10020,TLC,383
10020,DEP,327
10020,DHS,132
10020,DOB,107
10020,DOHMH,103
10020,DCA,95
10020,DSNY,48
10020,OSE,20
10020,DOF,10
10020,DPR,7
10020,HPD,5
10020,DFTA,1
10020,DOITT,1
10020,EDC,1
10021,DOT,11673
10021,HPD,11237
10021,NYPD,11211
10021,DEP,9440
10021,DPR,7341
10021,DSNY,3999
10021,DOB,3814
10021,TLC,3494
10021,DOF,3074
10021,DOHMH,2183
10021,DHS,1179
10021,DCA,715
10021,DFTA,316
10021,OSE,258
10021,EDC,85
10021,DOITT,66
10021,3-1-1,53
10021,DOE,21
10022,NYPD,14260
10022,DOT,14135
10022,DEP,13660
10022,HPD,11409
10022,TLC,7423
10022,DOB,6160
10022,DSNY,3840
10022,DOF,3418
10022,DHS,2957
10022,DOHMH,2690
10022,DPR,1545
10022,DCA,1502
10022,OSE,487
10022,DOITT,178
10022,DFTA,162
10022,EDC,80
10022,3-1-1,74
10022,DOE,45
10023,NYPD,25512
10023,HPD,16214
10023,DEP,16052
10023,DOT,15837
10023,DHS,8205
10023,DOB,6577
10023,DSNY,5394
10023,DPR,5366
10023,DOF,4784
10023,TLC,4734
10023,DOHMH,3741
10023,DCA,1159
10023,EDC,615
10023,DOE,419
10023,OSE,390
10023,DFTA,376
10023,DOITT,165
10023,3-1-1,129
10023,NYCEM,1
10024,HPD,27268
10024,NYPD,23967
10024,DEP,14686
10024,DOT,13548
10024,DOB,6752
10024,DSNY,6299
10024,DOHMH,5075
10024,DPR,3616
10024,DOF,3418
10024,TLC,3400
10024,DHS,2444
10024,EDC,1521
10024,DCA,975
10024,DFTA,400
10024,OSE,301
10024,DOE,136
10024,3-1-1,97
10024,DOITT,97
10025,HPD,60878
10025,NYPD,43925
10025,DEP,20262
10025,DOT,11630
10025,DOB,10815
10025,DSNY,9039
10025,DOHMH,7974
10025,DOF,4569
10025,DPR,4107
10025,TLC,3831
10025,DHS,3024
10025,DCA,1347
10025,DFTA,781
10025,EDC,692
10025,OSE,443
10025,DOE,373
10025,3-1-1,166
10025,DOITT,126
10026,NYPD,42645
10026,HPD,39804
10026,DEP,6984
10026,DSNY,5176
10026,DOB,4735
10026,DOHMH,3958
10026,DOT,3127
10026,DPR,2722
10026,TLC,1329
10026,DHS,1177
10026,DOF,1159
10026,DCA,698
10026,DFTA,506
10026,3-1-1,364
10026,OSE,189
10026,DOE,103
10026,EDC,42
10026,DOITT,27
10027,HPD,66145
10027,NYPD,50441
10027,DEP,11619
10027,DOT,9761
10027,DSNY,8600
10027,DOB,8502
10027,DOHMH,5188
10027,DPR,3781
10027,TLC,2036
10027,DHS,1838
10027,DCA,1732
10027,DOF,1470
10027,DFTA,644
10027,OSE,428
10027,3-1-1,322
10027,DOE,249
10027,EDC,159
10027,DOITT,72
10028,HPD,18042
10028,NYPD,17140
10028,DEP,11207
10028,DOT,9719
10028,DSNY,5038
10028,DOB,4943
10028,DPR,3633
10028,TLC,3131
10028,DOHMH,3090
10028,DOF,2611
10028,DHS,1305
10028,DCA,1048
10028,OSE,556
10028,EDC,198
10028,DFTA,179
10028,3-1-1,90
10028,DOITT,81
10028,DOE,14
10029,HPD,57005
10029,NYPD,54433
10029,DEP,11174
10029,DOT,9112
10029,DOB,6762
10029,DSNY,6051
10029,DOHMH,4911
10029,DPR,2784
10029,TLC,2322
10029,DCA,1698
10029,DOF,1250
10029,DHS,1211
10029,DFTA,1006
10029,3-1-1,477
10029,OSE,348
10029,DOE,242
10029,EDC,73
10029,DOITT,64
10030,HPD,49512
10030,NYPD,30400
10030,DOB,4001
10030,DEP,3975
10030,DSNY,3764
10030,DOHMH,2643
10030,DOT,2231
10030,DPR,1073
10030,DOF,791
10030,TLC,637
10030,DFTA,483
10030,DHS,471
10030,DCA,332
10030,DOE,177
10030,OSE,145
10030,3-1-1,100
10030,DOITT,39
10030,EDC,33
10031,HPD,127541
10031,NYPD,75239
10031,DEP,14507
10031,DOB,8735
10031,DSNY,5449
10031,DOHMH,5013
10031,DOT,4985
10031,DPR,2655
10031,DOF,2276
10031,DHS,1163
10031,DCA,946
10031,TLC,933
10031,DFTA,760
10031,3-1-1,451
10031,OSE,282
10031,EDC,123
10031,DOE,108
10031,DOITT,60
10032,HPD,114684
10032,NYPD,69729
10032,DEP,11492
10032,DOB,7145
10032,DOT,6154
10032,DSNY,5474
10032,DOHMH,3836
10032,DOF,2684
10032,DPR,2046
10032,TLC,1037
10032,3-1-1,896
10032,DHS,825
10032,DCA,776
10032,DFTA,763
10032,OSE,285
10032,EDC,203
10032,DOE,103
10032,DOITT,75
10033,HPD,88528
10033,NYPD,54603
10033,DEP,11604
10033,DOT,5493
10033,DOB,5487
10033,DSNY,5042
10033,DOHMH,3192
10033,DPR,3173
10033,DOF,2557
10033,DCA,1841
10033,TLC,744
10033,DHS,582
10033,DFTA,532
10033,OSE,389
10033,3-1-1,344
10033,EDC,176
10033,DOE,139
10033,DOITT,36
10034,HPD,76726
10034,NYPD,66946
10034,DEP,9821
10034,DOT,6779
10034,DPR,3978
10034,DSNY,3847
10034,DOHMH,3137
10034,DOB,2871
10034,DOF,1384
10034,DCA,1296
10034,DHS,599
10034,TLC,571
10034,DFTA,370
10034,OSE,347
10034,3-1-1,287
10034,EDC,178
10034,DOE,56
10034,DOITT,7
10034,NYCEM,1
10035,HPD,39742
10035,NYPD,28122
10035,DEP,6035
10035,DSNY,4780
10035,DOT,4761
10035,DOB,4467
10035,DOHMH,2869
10035,DPR,2392
10035,DHS,2374
10035,TLC,1425
10035,DCA,1276
10035,DOF,615
10035,DFTA,510
10035,OSE,227
10035,DOE,180
10035,3-1-1,75
10035,DOITT,35
10035,EDC,21
10036,NYPD,26213
10036,HPD,19559
10036,DEP,13212
10036,DOT,12744
10036,TLC,8146
10036,DOB,7186
10036,DSNY,5466
10036,DHS,5312
10036,DOHMH,3173
10036,DCA,2406
10036,DPR,1538
10036,DOF,1490
10036,OSE,480
10036,DOITT,286
10036,DFTA,253
10036,3-1-1,149
10036,EDC,51
10036,DOE,28
10037,HPD,23688
10037,NYPD,15232
10037,DEP,2797
10037,DSNY,2201
10037,DOT,1853
10037,DOB,1706
10037,DPR,1470
10037,DOHMH,1320
10037,DOF,1091
10037,DHS,625
10037,TLC,594
10037,DCA,506
10037,DFTA,422
10037,OSE,129
10037,EDC,39
10037,DOE,38
10037,3-1-1,29
10037,DOITT,2
10038,NYPD,12846
10038,DEP,9400
10038,DOT,7641
10038,DOB,3494
10038,HPD,3208
10038,DSNY,2212
10038,DHS,1929
10038,DOF,1796
10038,DOHMH,1499
10038,TLC,1472
10038,DCA,1006
10038,DPR,940
10038,OSE,229
10038,EDC,174
10038,DFTA,167
10038,3-1-1,96
10038,DOE,96
10038,DOITT,79
10039,HPD,34341
10039,NYPD,25861
10039,DEP,3067
10039,DOB,2476
10039,DPR,1954
10039,DSNY,1674
10039,DOT,1650
10039,DOHMH,1517
10039,DCA,515
10039,DOF,497
10039,DFTA,421
10039,TLC,363
10039,DHS,241
10039,OSE,114
10039,3-1-1,77
10039,DOE,62
10039,EDC,35
10039,DOITT,10
10040,HPD,91308
10040,NYPD,65653
10040,DEP,11359
10040,DOT,4422
10040,DSNY,3436
10040,DOB,3396
10040,DOHMH,2497
10040,DOF,1746
10040,DPR,1360
10040,DCA,658
10040,DFTA,425
10040,TLC,414
10040,DHS,278
10040,3-1-1,243
10040,OSE,223
10040,DOE,131
10040,EDC,62
10040,DOITT,16
10041,DOT,85
10041,DEP,69
10041,NYPD,43
10041,TLC,21
10041,OSE,16
10041,DCA,14
10041,DOB,13
10041,DOF,10
10041,DOHMH,8
10041,DSNY,8
10041,DHS,4
10041,HPD,4
10041,DPR,2
10041,EDC,1
10044,HPD,1183
10044,DEP,674
10044,NYPD,345
10044,DOT,312
10044,DOB,264
10044,TLC,185
10044,DOHMH,137
10044,DOF,80
10044,DFTA,60
10044,DOE,51
10044,DCA,48
10044,OSE,32
10044,DSNY,28
10044,DHS,25
10044,EDC,23
10044,DPR,21
10045,NYPD,10
10045,DEP,8
10045,TLC,4
10045,DOB,2
10045,DCA,1
10045,DOHMH,1
10045,DOT,1
10045,DPR,1
10045,HPD,1
10048,DOT,116
10048,TLC,53
10048,DEP,32
10048,NYPD,23
10048,DOB,5
10048,3-1-1,4
10048,DSNY,4
10048,DHS,3
10048,DOF,2
10048,DOHMH,2
10048,DCA,1
10048,DPR,1
10055,DOB,9
10055,TLC,5
10055,DOT,3
10055,DOF,2
10055,DSNY,1
10055,HPD,1
10055,NYPD,1
10055,OSE,1
10065,NYPD,10003
10065,HPD,9196
10065,DOT,9043
10065,DEP,8926
10065,DOB,3647
10065,TLC,3622
10065,DSNY,3310
10065,DOF,2542
10065,DOHMH,1858
10065,DPR,1496
10065,DHS,1317
10065,DCA,782
10065,OSE,242
10065,DFTA,142
10065,DOE,128
10065,DOITT,80
10065,EDC,52
10065,3-1-1,34
10069,NYPD,868
10069,DOF,711
10069,DEP,709
10069,DOT,478
10069,TLC,311
10069,DPR,285
10069,DOB,198
10069,DSNY,159
10069,DOHMH,134
10069,HPD,110
10069,DCA,61
10069,DHS,45
10069,DFTA,14
10069,3-1-1,13
10069,OSE,9
10069,EDC,8
10069,DOITT,1
10075,HPD,8152
10075,NYPD,7906
10075,DOT,6502
10075,DEP,5989
10075,DSNY,2819
10075,DOB,2469
10075,TLC,2089
10075,DOF,1847
10075,DOHMH,1581
10075,DPR,1162
10075,DHS,406
10075,DCA,362
10075,OSE,237
10075,DFTA,119
10075,DOITT,70
10075,EDC,63
10075,3-1-1,23
10075,DOE,10
10103,NYPD,48
10103,DOT,43
10103,DHS,40
10103,DEP,38
10103,DOB,25
10103,DCA,16
10103,TLC,14
10103,DOHMH,9
10103,OSE,9
10103,DSNY,6
10103,HPD,3
10103,DPR,2
10104,DOT,5
10104,DFTA,1
10104,NYPD,1
10104,TLC,1
10105,DEP,33
10105,DOT,26
10105,NYPD,23
10105,DOB,21
10105,TLC,14
10105,DHS,10
10105,DOF,5
10105,DOHMH,5
10105,DCA,2
10105,DPR,1
10105,HPD,1
10106,DEP,41
10106,NYPD,11
10106,DOB,9
10106,TLC,8
10106,DCA,6
10106,DHS,6
10106,DOT,6
10106,DOHMH,3
10106,DSNY,2
10106,DOF,1
10106,HPD,1
10106,OSE,1
10107,DOB,54
10107,DEP,22
10107,DOT,13
10107,DCA,12
10107,NYPD,11
10107,DHS,8
10107,TLC,4
10107,DOHMH,3
10107,DOF,1
10107,DPR,1
10107,DSNY,1
10107,OSE,1
10110,DHS,18
10110,DOT,13
10110,DOB,9
10110,NYPD,9
10110,DCA,5
10110,TLC,5
10110,DOHMH,3
10110,DPR,3
10110,OSE,3
10110,DEP,1
10110,DOF,1
10110,DSNY,1
10111,DOT,39
10111,NYPD,27
10111,TLC,26
10111,DEP,18
10111,DOHMH,11
10111,DCA,9
10111,OSE,6
10111,DHS,4
10111,DOB,2
10111,DPR,1
10111,DSNY,1
10111,EDC,1
10112,NYPD,123
10112,DEP,64
10112,DOHMH,32
10112,DOB,28
10112,DOT,23
10112,TLC,23
10112,DCA,17
10112,OSE,13
10112,DHS,8
10112,DSNY,4
10112,HPD,4
10112,DOE,2
10112,DOF,2
10112,DFTA,1
10112,DPR,1
10115,DPR,16
10115,DEP,13
10115,DSNY,8
10115,DHS,5
10115,DCA,3
10115,DOT,3
10115,NYPD,3
10115,TLC,3
10115,DOB,1
10115,DOHMH,1
10115,HPD,1
10118,DEP,52
10118,TLC,30
10118,NYPD,27
10118,DOB,22
10118,DOT,19
10118,DHS,17
10118,DCA,14
10118,EDC,13
10118,DOHMH,10
10118,DSNY,10
10118,DOF,2
10118,HPD,1
10118,OSE,1
10119,DHS,172
10119,NYPD,140
10119,DOT,99
10119,TLC,99
10119,DEP,54
10119,DCA,46
10119,DOB,36
10119,DOHMH,30
10119,DSNY,7
10119,DOF,4
10119,DFTA,2
10119,OSE,2
10120,NYPD,209
10120,DCA,36
10120,DHS,12
10120,DOT,12
10120,TLC,7
10120,DOB,6
10120,DEP,5
10120,OSE,4
10120,DOHMH,2
10120,DSNY,2
10120,DPR,1
10120,EDC,1
10120,HPD,1
10121,TLC,327
10121,NYPD,91
10121,DHS,66
10121,DOB,55
10121,DOHMH,25
10121,DOT,22
10121,DCA,16
10121,DEP,13
10121,DSNY,6
10121,OSE,3
10121,HPD,2
10121,DOF,1
10122,DCA,11
10122,NYPD,11
10122,DHS,6
10122,TLC,6
10122,DEP,5
10122,DOB,5
10122,DOT,2
10122,OSE,2
10122,DOHMH,1
10122,DSNY,1
10122,EDC,1
10123,NYPD,31
10123,DCA,27
10123,DHS,15
10123,DOB,12
10123,DEP,7
10123,DOHMH,6
10123,DOT,6
10123,TLC,5
10123,DSNY,3
10123,DOF,1
10128,HPD,18839
10128,NYPD,18281
10128,DEP,13604
10128,DOT,9494
10128,DSNY,5287
10128,DOB,5098
10128,DOHMH,3607
10128,TLC,3312
10128,DOF,3185
10128,DPR,2880
10128,DCA,858
10128,DHS,755
10128,DFTA,338
10128,OSE,324
10128,EDC,324
10128,3-1-1,127
10128,DOITT,94
10128,DOE,74
10151,NYPD,42
10151,DHS,15
10151,DOF,13
10151,TLC,7
10151,DEP,6
10151,DOB,5
10151,DCA,3
10151,OSE,3
10151,DOHMH,1
10151,DOT,1
10152,DOT,14
10152,NYPD,13
10152,TLC,9
10152,DEP,2
10152,DSNY,2
10152,OSE,2
10152,DCA,1
10152,DOB,1
10152,DOF,1
10152,DOHMH,1
10153,NYPD,37
10153,DCA,30
10153,TLC,23
10153,DEP,20
10153,DOB,16
10153,DOT,15
10153,OSE,7
10153,DOHMH,6
10153,DHS,2
10153,DPR,1
10154,NYPD,18
10154,TLC,18
10154,DHS,16
10154,DOT,16
10154,DEP,7
10154,DOB,5
10154,DCA,2
10154,DPR,2
10154,DOHMH,1
10154,OSE,1
10155,DOT,12
10155,DEP,11
10155,TLC,10
10155,DOB,5
10155,NYPD,5
10155,DCA,2
10155,DOF,2
10155,DSNY,2
10155,DPR,1
10155,OSE,1
10158,DEP,35
10158,TLC,15
10158,DOT,13
10158,NYPD,13
10158,DOB,5
10158,DHS,4
10158,HPD,4
10158,DOHMH,2
10158,DPR,2
10158,DCA,1
10158,DOITT,1
10158,OSE,1
10162,NYPD,142
10162,DEP,75
10162,DOF,75
10162,TLC,27
10162,DOHMH,22
10162,HPD,17
10162,DOB,15
10162,DPR,13
10162,DOT,9
10162,DSNY,6
10162,DFTA,5
10162,DCA,2
10162,OSE,1
10165,TLC,44
10165,NYPD,26
10165,DHS,11
10165,DEP,6
10165,DOB,5
10165,DCA,4
10165,DOHMH,4
10165,DOT,3
10165,DSNY,3
10165,OSE,1
10166,NYPD,2
10166,TLC,2
10166,DHS,1
10166,DOHMH,1
10166,DOT,1
10166,OSE,1
10167,TLC,9
10167,DOB,8
10167,DHS,6
10167,DEP,5
10167,DOF,3
10167,DOT,3
10167,NYPD,3
10167,OSE,3
10167,DCA,2
10167,DPR,2
10167,DSNY,2
10167,DOHMH,1
10167,DOITT,1
10168,TLC,89
10168,DHS,35
10168,NYPD,29
10168,DOT,15
10168,DEP,12
10168,DCA,11
10168,DOB,4
10168,OSE,3
10168,DOHMH,2
10168,DOITT,2
10168,DSNY,2
10169,DHS,1018
10169,NYPD,97
10169,DOT,31
10169,TLC,22
10169,DOB,19
10169,DEP,16
10169,DCA,8
10169,DOHMH,7
10169,DSNY,6
10169,DOF,2
10169,DPR,2
10169,HPD,2
10169,OSE,2
10170,NYPD,37
10170,OSE,17
10170,DOT,10
10170,DHS,8
10170,TLC,8
10170,DCA,5
10170,DOB,4
10170,DEP,3
10170,DOHMH,3
10170,DSNY,2
10170,DOF,1
10171,DOT,15
10171,DEP,5
10171,DOB,4
10171,NYPD,3
10171,DOHMH,2
10171,DSNY,2
10171,TLC,2
10171,DHS,1
10172,TLC,40
10172,DOT,23
10172,NYPD,15
10172,DEP,10
10172,DHS,10
10172,DOB,10
10172,DOHMH,3
10172,HPD,1
10173,DHS,22
10173,DOT,10
10173,DEP,6
10173,NYPD,5
10173,DOHMH,3
10173,DOB,2
10173,DCA,1
10173,DOITT,1
10173,DSNY,1
10174,DEP,17
10174,DHS,14
10174,NYPD,9
10174,DOB,6
10174,DOT,4
10174,TLC,3
10174,DCA,1
10174,DOHMH,1
10174,DSNY,1
10174,EDC,1
10175,DSNY,2
10175,NYPD,2
10175,DOB,1
10176,DOB,7
10176,TLC,6
10176,DEP,5
10176,DHS,5
10176,NYPD,4
10176,DOHMH,3
10176,OSE,2
10176,DCA,1
10176,DOT,1
10176,DSNY,1
10177,DHS,18
10177,DOT,11
10177,NYPD,9
10177,DEP,4
10177,DOF,4
10177,TLC,4
10177,DOB,3
10177,DPR,2
10177,DOHMH,1
10177,DSNY,1
10177,HPD,1
10178,NYPD,11
10178,DOT,10
10178,TLC,7
10178,DHS,6
10178,DCA,5
10178,DOB,3
10178,DOHMH,3
10178,DEP,2
10178,DPR,2
10178,DSNY,1
10178,OSE,1
10270,TLC,1
10271,NYPD,27
10271,DOT,22
10271,DEP,18
10271,DOB,18
10271,TLC,15
10271,DHS,10
10271,OSE,6
10271,DOHMH,5
10271,DOF,3
10271,DSNY,3
10271,DCA,1
10271,HPD,1
10278,DOT,88
10278,NYPD,57
10278,TLC,19
10278,DEP,18
10278,DHS,7
10278,DSNY,7
10278,DOB,4
10278,DOHMH,4
10278,OSE,4
10278,DCA,3
10278,DOF,1
10278,DPR,1
10278,EDC,1
10278,HPD,1
10279,NYPD,74
10279,DEP,32
10279,DOT,15
10279,DOHMH,11
10279,DOB,10
10279,TLC,10
10279,DHS,8
10279,DCA,5
10279,OSE,4
10279,DOF,2
10279,DSNY,1
10279,HPD,1
10280,NYPD,1524
10280,DEP,1110
10280,DOT,569
10280,TLC,436
10280,HPD,342
10280,DOF,250
10280,DPR,225
10280,DOB,186
10280,DOHMH,174
10280,EDC,164
10280,DSNY,145
10280,DCA,102
10280,DHS,43
10280,DFTA,20
10280,OSE,19
10280,3-1-1,2
10280,DOITT,2
10281,NYPD,340
10281,TLC,252
10281,DEP,198
10281,DOT,54
10281,DOB,36
10281,DOHMH,35
10281,DCA,21
10281,DHS,21
10281,EDC,12
10281,DSNY,10
10281,DPR,7
10281,DOF,3
10281,OSE,3
10282,NYPD,1260
10282,HPD,517
10282,DEP,502
10282,TLC,388
10282,DOT,300
10282,DOB,177
10282,DOHMH,112
10282,DSNY,111
10282,DOF,93
10282,DPR,84
10282,DOE,57
10282,DCA,29
10282,EDC,25
10282,DHS,21
10282,OSE,19
10282,3-1-1,11
10282,DFTA,10
10301,HPD,25022
10301,NYPD,24402
10301,DOT,21108
10301,DSNY,15647
10301,DEP,12401
10301,DPR,6139
10301,DOB,5643
10301,DOHMH,2871
10301,DOF,1727
10301,DHS,1195
10301,DCA,475
10301,DFTA,407
10301,TLC,298
10301,OSE,255
10301,DOITT,121
10301,DOE,111
10301,3-1-1,66
10301,EDC,41
10302,NYPD,10688
10302,HPD,9756
10302,DSNY,8664
10302,DOT,8039
10302,DEP,5465
10302,DOB,3058
10302,DPR,2322
10302,DOHMH,1608
10302,DOF,820
10302,DHS,636
10302,DCA,428
10302,DFTA,171
10302,OSE,145
10302,TLC,61
10302,DOE,49
10302,EDC,30
10302,3-1-1,26
10302,DOITT,12
10303,NYPD,13975
10303,HPD,11926
10303,DSNY,11628
10303,DOT,9351
10303,DEP,5846
10303,DOB,3092
10303,DOHMH,1927
10303,DPR,1709
10303,DOF,1001
10303,DHS,961
10303,DCA,669
10303,DFTA,181
10303,OSE,100
10303,TLC,95
10303,3-1-1,52
10303,DOE,32
10303,EDC,5
10303,DOITT,4
10304,HPD,25058
10304,NYPD,23748
10304,DOT,17032
10304,DSNY,15952
10304,DEP,10326
10304,DOB,5537
10304,DPR,4809
10304,DOHMH,2267
10304,DOF,1893
10304,DHS,1210
10304,DCA,621
10304,DFTA,345
10304,OSE,274
10304,TLC,150
10304,3-1-1,66
10304,DOE,60
10304,DOITT,32
10304,EDC,9
10304,NYCEM,1
10305,DOT,19635
10305,NYPD,16754
10305,DSNY,16691
10305,DEP,12060
10305,HPD,6239
10305,DPR,6069
10305,DOB,5003
10305,DOF,2558
10305,DOHMH,2484
10305,DCA,631
10305,DHS,340
10305,DFTA,268
10305,OSE,207
10305,TLC,119
10305,3-1-1,46
10305,DOE,18
10305,DOITT,10
10305,EDC,9
10306,DOT,31456
10306,DSNY,24290
10306,NYPD,18602
10306,DEP,17706
10306,DPR,12077
10306,DOB,7465
10306,HPD,7178
10306,DOF,4701
10306,DOHMH,3554
10306,DCA,610
10306,OSE,432
10306,DFTA,358
10306,DHS,314
10306,DOE,129
10306,TLC,90
10306,3-1-1,56
10306,EDC,14
10306,DOITT,13
10307,DSNY,5655
10307,DOT,5170
10307,NYPD,5162
10307,DEP,3067
10307,DPR,2664
10307,DOB,1920
10307,DOF,994
10307,HPD,843
10307,DOHMH,738
10307,OSE,308
10307,DCA,120
10307,DFTA,64
10307,DOE,34
10307,DHS,22
10307,TLC,19
10307,3-1-1,11
10307,EDC,5
10308,DOT,14539
10308,DSNY,12018
10308,NYPD,9848
10308,DEP,8317
10308,DPR,5813
10308,DOF,2487
10308,DOB,2200
10308,DOHMH,1523
10308,HPD,1311
10308,DCA,218
10308,DFTA,149
10308,OSE,132
10308,DHS,120
10308,DOE,102
10308,3-1-1,70
10308,TLC,32
10308,EDC,6
10309,DOT,18765
10309,DSNY,16428
10309,NYPD,10839
10309,DEP,7741
10309,DPR,5889
10309,DOB,3323
10309,DOF,2513
10309,HPD,1672
10309,DOHMH,1477
10309,DCA,476
10309,OSE,355
10309,DFTA,83
10309,DHS,79
10309,DOE,70
10309,TLC,36
10309,3-1-1,23
10309,EDC,23
10309,DOITT,23
10310,NYPD,16107
10310,DOT,12145
10310,DSNY,11269
10310,HPD,8540
10310,DEP,7548
10310,DPR,3229
10310,DOB,2758
10310,DOHMH,1782
10310,DOF,1142
10310,DHS,705
10310,DCA,388
10310,3-1-1,208
10310,DFTA,187
10310,OSE,118
10310,TLC,87
10310,EDC,86
10310,DOE,61
10310,DOITT,11
10312,DOT,33223
10312,DSNY,27674
10312,NYPD,21665
10312,DEP,13764
10312,DPR,13339
10312,DOF,5472
10312,DOB,5469
10312,DOHMH,3576
10312,HPD,2298
10312,DCA,392
10312,OSE,328
10312,DFTA,257
10312,DOE,162
10312,DHS,138
10312,3-1-1,135
10312,TLC,42
10312,EDC,22
10312,DOITT,5
10314,DOT,43333
10314,DSNY,34351
10314,NYPD,32546
10314,DEP,21166
10314,DPR,13455
10314,DOB,7437
10314,HPD,7399
10314,DOF,6559
10314,DOHMH,4649
10314,DCA,1360
10314,OSE,604
10314,DHS,504
10314,DFTA,476
10314,TLC,187
10314,DOE,175
10314,3-1-1,102
10314,EDC,52
10314,DOITT,11
10451,HPD,66848
10451,NYPD,33652
10451,DOT,6656
10451,DEP,6023
10451,DOB,4751
10451,DSNY,4630
10451,DOHMH,3880
10451,DPR,2604
10451,DCA,2047
10451,DHS,1161
10451,DOF,1117
10451,TLC,902
10451,DFTA,754
10451,OSE,258
10451,3-1-1,147
10451,DOE,137
10451,EDC,32
10451,DOITT,29
10452,HPD,155328
10452,NYPD,68573
10452,DEP,12776
10452,DOT,8215
10452,DOB,8067
10452,DSNY,6119
10452,DOHMH,4091
10452,DPR,1777
10452,DOF,1735
10452,DCA,1651
10452,DHS,1327
10452,DFTA,1014
10452,TLC,505
10452,OSE,306
10452,3-1-1,156
10452,DOE,149
10452,DOITT,26
10452,EDC,20
10453,HPD,170023
10453,NYPD,67830
10453,DEP,11497
10453,DOB,8973
10453,DOT,7301
10453,DSNY,5636
10453,DOHMH,4790
10453,DHS,2066
10453,DPR,1902
10453,DOF,1559
10453,DCA,1402
10453,DFTA,1003
10453,TLC,510
10453,DOE,216
10453,OSE,136
10453,3-1-1,119
10453,DOITT,37
10453,EDC,17
10453,NYCEM,1
10454,HPD,37378
10454,NYPD,23033
10454,DOT,5585
10454,DEP,5416
10454,DSNY,4902
10454,DOB,3783
10454,DOHMH,1871
10454,DPR,1405
10454,DCA,865
10454,DHS,707
10454,DOF,415
10454,DFTA,404
10454,TLC,340
10454,OSE,195
10454,DOE,167
10454,3-1-1,26
10454,DOITT,16
10454,EDC,5
10455,HPD,52156
10455,NYPD,28597
10455,DOT,6241
10455,DEP,5422
10455,DSNY,4982
10455,DOB,3758
10455,DOHMH,2609
10455,DCA,2012
10455,DPR,1295
10455,DHS,1184
10455,DOF,717
10455,DFTA,488
10455,TLC,358
10455,OSE,207
10455,3-1-1,72
10455,DOE,71
10455,DOITT,22
10455,EDC,5
10456,HPD,139932
10456,NYPD,64124
10456,DEP,8962
10456,DOB,7519
10456,DSNY,7377
10456,DOT,6684
10456,DOHMH,5438
10456,DPR,2414
10456,DHS,2275
10456,DOF,1635
10456,DCA,1424
10456,DFTA,1302
10456,TLC,543
10456,DOE,258
10456,3-1-1,165
10456,OSE,142
10456,DOITT,29
10456,EDC,16
10457,HPD,160201
10457,NYPD,65760
10457,DEP,9669
10457,DSNY,8705
10457,DOT,8255
10457,DOB,8077
10457,DOHMH,4955
10457,DPR,2536
10457,DHS,2103
10457,DOF,1801
10457,DCA,1550
10457,DFTA,953
10457,TLC,458
10457,DOE,330
10457,OSE,232
10457,3-1-1,72
10457,DOITT,33
10457,EDC,5
10457,NYCEM,1
10458,HPD,177963
10458,NYPD,58782
10458,DEP,9843
10458,DOT,9451
10458,DSNY,8260
10458,DOB,7490
10458,DOHMH,5294
10458,DPR,2738
10458,DCA,2522
10458,DHS,2375
10458,DOF,1794
10458,DFTA,965
10458,TLC,539
10458,OSE,459
10458,DOE,189
10458,3-1-1,141
10458,DOITT,39
10458,EDC,22
10459,HPD,76347
10459,NYPD,32317
10459,DOT,8180
10459,DSNY,7479
10459,DEP,6326
10459,DOB,5164
10459,DOHMH,3455
10459,DHS,1684
10459,DPR,1574
10459,DCA,1372
10459,DOF,895
10459,DFTA,615
10459,TLC,336
10459,OSE,156
10459,3-1-1,95
10459,DOE,89
10459,DOITT,32
10459,EDC,4
10460,HPD,101908
10460,NYPD,46833
10460,DEP,8352
10460,DOT,8158
10460,DSNY,7896
10460,DOB,5744
10460,DOHMH,3542
10460,DPR,2074
10460,DHS,1727
10460,DCA,1044
10460,DOF,967
10460,DFTA,680
10460,TLC,394
10460,DOE,185
10460,OSE,163
10460,3-1-1,84
10460,DOITT,22
10460,EDC,12
10461,NYPD,39000
10461,HPD,38455
10461,DOT,20933
10461,DSNY,12323
10461,DEP,8333
10461,DOB,7002
10461,DPR,6364
10461,DOF,2991
10461,DOHMH,2562
10461,DCA,1429
10461,DHS,551
10461,DFTA,525
10461,TLC,440
10461,OSE,426
10461,DOE,293
10461,3-1-1,79
10461,DOITT,23
10461,EDC,4
10462,HPD,86821
10462,NYPD,46242
10462,DOT,18373
10462,DSNY,10292
10462,DEP,8291
10462,DOB,7343
10462,DOHMH,4336
10462,DPR,4270
10462,DOF,3101
10462,DCA,1969
10462,TLC,1492
10462,DHS,973
10462,DFTA,932
10462,OSE,313
10462,DOE,147
10462,3-1-1,143
10462,DOITT,80
10462,EDC,23
10463,HPD,82646
10463,NYPD,50918
10463,DOT,15542
10463,DEP,13670
10463,DSNY,7208
10463,DOB,6329
10463,DPR,5399
10463,DOHMH,3477
10463,DOF,3018
10463,DCA,986
10463,DFTA,717
10463,TLC,641
10463,DHS,398
10463,OSE,300
10463,DOE,209
10463,3-1-1,186
10463,EDC,49
10463,DOITT,21
10464,NYPD,5440
10464,DOT,4596
10464,DSNY,2293
10464,DEP,1722
10464,HPD,1385
10464,DPR,1188
10464,DOB,1093
10464,DOHMH,1091
10464,DOF,413
10464,DCA,146
10464,OSE,89
10464,DHS,65
10464,DFTA,41
10464,TLC,27
10464,DOE,21
10464,3-1-1,8
10464,DOITT,1
10465,NYPD,31038
10465,DOT,16535
10465,DSNY,12203
10465,DEP,7720
10465,HPD,7523
10465,DPR,5812
10465,DOB,4766
10465,DOHMH,2429
10465,DOF,2245
10465,DCA,463
10465,DFTA,293
10465,DHS,267
10465,TLC,215
10465,OSE,192
10465,3-1-1,62
10465,DOE,60
10465,DOITT,11
10465,EDC,7
10465,NYCEM,1
10466,NYPD,120305
10466,HPD,73118
10466,DSNY,14443
10466,DOT,12836
10466,DEP,10605
10466,DOB,6253
10466,DPR,4414
10466,DOHMH,3122
10466,DOF,2346
10466,DHS,2222
10466,DCA,1233
10466,DFTA,946
10466,TLC,272
10466,OSE,152
10466,DOE,139
10466,3-1-1,66
10466,DOITT,15
10466,EDC,14
10467,HPD,183913
10467,NYPD,79581
10467,DOT,15266
10467,DEP,13288
10467,DSNY,12499
10467,DOB,10855
10467,DOHMH,6655
10467,DPR,5392
10467,DHS,3058
10467,DOF,2750
10467,DCA,2001
10467,DFTA,1395
10467,TLC,661
10467,OSE,327
10467,DOE,259
10467,3-1-1,210
10467,EDC,103
10467,DOITT,36
10468,HPD,157690
10468,NYPD,74231
10468,DEP,10845
10468,DOT,9134
10468,DOB,7061
10468,DSNY,6517
10468,DOHMH,4754
10468,DPR,3339
10468,DCA,1897
10468,DOF,1879
10468,DHS,1163
10468,DFTA,1040
10468,TLC,500
10468,OSE,219
10468,DOE,138
10468,3-1-1,120
10468,DOITT,67
10468,EDC,3
10469,NYPD,41580
10469,HPD,36748
10469,DOT,18335
10469,DSNY,14995
10469,DEP,11072
10469,DPR,6196
10469,DOB,5947
10469,DOHMH,3562
10469,DOF,2830
10469,DHS,1848
10469,DCA,1472
10469,DFTA,877
10469,TLC,307
10469,OSE,189
10469,DOE,182
10469,3-1-1,88
10469,DOITT,19
10469,EDC,8
10470,HPD,21078
10470,NYPD,14583
10470,DSNY,4387
10470,DOT,3780
10470,DEP,3043
10470,DOB,2016
10470,DPR,1316
10470,DOHMH,1004
10470,DOF,765
10470,DHS,404
10470,DCA,224
10470,DFTA,118
10470,OSE,107
10470,TLC,81
10470,3-1-1,52
10470,DOE,17
10470,EDC,11
10470,DOITT,7
10471,NYPD,11682
10471,DOT,9118
10471,HPD,7680
10471,DEP,4369
10471,DSNY,3242
10471,DPR,2778
10471,DOB,1751
10471,DOF,1184
10471,DOHMH,808
10471,TLC,218
10471,DHS,189
10471,DFTA,175
10471,DCA,175
10471,OSE,83
10471,3-1-1,25
10471,DOE,11
10471,EDC,7
10471,DOITT,1
10472,HPD,97789
10472,NYPD,57541
10472,DOT,11019
10472,DEP,9330
10472,DSNY,9132
10472,DOB,7664
10472,DOHMH,3717
10472,DPR,2358
10472,DHS,1768
10472,DOF,1618
10472,DCA,1102
10472,DFTA,788
10472,OSE,361
10472,TLC,357
10472,3-1-1,314
10472,DOE,144
10472,DOITT,29
10472,EDC,4
10472,NYCEM,1
10473,NYPD,33879
10473,HPD,27305
10473,DOT,12221
10473,DSNY,7085
10473,DEP,6643
10473,DOB,4374
10473,DPR,2861
10473,DOHMH,2281
10473,DOF,1906
10473,DCA,1218
10473,DFTA,849
10473,DHS,693
10473,TLC,375
10473,DOE,187
10473,OSE,151
10473,3-1-1,58
10473,DOITT,11
10473,EDC,2
10474,HPD,22407
10474,NYPD,10903
10474,DOT,6290
10474,DEP,3536
10474,DSNY,3421
10474,DOB,1706
10474,DOHMH,1336
10474,DPR,841
10474,DHS,699
10474,DOF,318
10474,DCA,312
10474,DFTA,97
10474,TLC,91
10474,OSE,54
10474,DOE,27
10474,3-1-1,16
10474,DOITT,3
10475,DOT,7018
10475,NYPD,6380
10475,HPD,5307
10475,DEP,2311
10475,DSNY,1995
10475,DCA,1201
10475,DOF,1088
10475,DOB,1008
10475,DOHMH,767
10475,DPR,473
10475,DFTA,460
10475,TLC,301
10475,DOE,182
10475,OSE,149
10475,DHS,60
10475,3-1-1,39
10475,DOITT,6
10475,EDC,2
10501,DCA,1
10502,DCA,8
10502,DFTA,1
10502,TLC,1
10504,TLC,6
10504,DOF,1
10505,DCA,1
10506,DCA,3
10506,TLC,1
10507,TLC,1
10509,DOF,2
10510,DCA,2
10510,DOF,1
10510,TLC,1
10512,DCA,3
10512,DFTA,1
10514,TLC,3
10514,DCA,1
10516,TLC,2
10520,DCA,1
10520,DFTA,1
10520,TLC,1
10522,TLC,5
10522,DCA,4
10522,DFTA,1
10523,DCA,32
10523,TLC,2
10526,TLC,1
10528,DCA,5
10528,DOF,2
10528,TLC,2
10530,TLC,5
10530,DCA,3
10530,DOF,2
10530,DFTA,1
10532,DCA,9
10532,TLC,6
10533,DCA,3
10533,TLC,3
10536,DCA,7
10536,TLC,1
10537,DOF,1
10538,TLC,10
10538,DCA,2
10541,DCA,3
10543,TLC,7
10543,DFTA,3
10543,DCA,2
10543,DOF,2
10546,DCA,1
10547,DCA,1
10547,DFTA,1
10549,TLC,2
10549,DCA,1
10550,DCA,29
10550,TLC,12
10550,DFTA,7
10552,TLC,10
10552,DFTA,6
10552,DCA,5
10552,DOF,1
10553,TLC,8
10553,DCA,4
10553,DFTA,3
10560,DOF,1
10562,TLC,5
10562,DFTA,3
10562,DCA,1
10562,DOF,1
10566,DCA,6
10566,TLC,3
10566,DFTA,1
10566,DOF,1
10567,DFTA,2
10567,TLC,1
10570,DCA,2
10573,TLC,18
10573,DCA,13
10573,DFTA,2
10576,TLC,2
10577,DCA,8
10577,TLC,1
10579,TLC,1
10580,TLC,6
10583,TLC,26
10583,DCA,6
10583,DFTA,3
10583,DOF,3
10589,TLC,2
10589,DCA,1
10589,DFTA,1
10590,DCA,1
10590,TLC,1
10591,TLC,23
10591,DCA,8
10591,DFTA,2
10591,DOF,1
10594,DCA,14
10594,TLC,2
10595,DCA,6
10595,DFTA,1
10595,TLC,1
10598,TLC,2
10598,DCA,1
10598,DFTA,1
10601,TLC,29
10601,DCA,24
10601,DFTA,2
10603,DCA,10
10603,TLC,5
10603,DFTA,1
10603,DOF,1
10604,TLC,13
10604,DCA,1
10605,TLC,6
10605,DFTA,4
10605,DCA,1
10606,DCA,4
10606,TLC,4
10606,DFTA,1
10701,TLC,28
10701,DCA,19
10701,DFTA,10
10702,DCA,1
10703,TLC,6
10703,DCA,5
10703,DFTA,1
10704,TLC,30
10704,DCA,23
10704,DFTA,2
10704,DOF,1
10705,TLC,19
10705,DCA,16
10705,DFTA,8
10705,DOF,1
10706,TLC,2
10706,DCA,1
10707,DCA,4
10707,TLC,4
10708,TLC,20
10708,DCA,3
10708,DOF,2
10708,DFTA,1
10708,DPR,1
10709,TLC,1
10710,DCA,21
10710,TLC,10
10710,DFTA,3
10710,DOF,1
10801,TLC,33
10801,DCA,24
10801,DFTA,8
10803,DOT,67
10803,TLC,22
10803,DPR,19
10803,DEP,16
10803,DSNY,15
10803,NYPD,8
10803,DOF,6
10803,DCA,4
10803,HPD,4
10803,DOHMH,2
10803,DFTA,1
10803,DHS,1
10803,DOB,1
10804,TLC,16
10804,DOF,3
10804,DCA,2
10805,TLC,13
10805,DCA,6
10805,DFTA,1
10805,DOF,1
10901,DCA,2
10913,TLC,1
10916,TLC,1
10917,TLC,4
10920,DCA,1
10921,TLC,1
10923,DCA,1
10924,DCA,1
10925,DCA,2
10926,DCA,1
10930,DOF,1
10940,DCA,3
10940,DFTA,1
10940,DOF,1
10941,DCA,1
10950,TLC,2
10952,TLC,4
10952,DCA,1
10952,DFTA,1
10952,DOF,1
10954,DCA,4
10954,TLC,3
10956,TLC,3
10956,DCA,2
10956,DOF,1
10960,TLC,4
10960,DCA,1
10960,DFTA,1
10962,DCA,1
10962,DFTA,1
10962,TLC,1
10964,TLC,2
10965,DFTA,2
10965,TLC,2
10970,DFTA,2
10970,DCA,1
10977,TLC,7
10977,DCA,5
10977,DFTA,1
10980,DCA,1
10980,TLC,1
10983,DCA,1
10983,TLC,1
10984,DFTA,1
10984,TLC,1
10987,TLC,1
10989,TLC,2
10990,DCA,2
10993,DFTA,1
10994,DCA,2
10994,TLC,1
11001,NYPD,1805
11001,DPR,1482
11001,DOT,1212
11001,DSNY,1094
11001,DOB,804
11001,DEP,688
11001,DOF,385
11001,HPD,281
11001,DOHMH,130
11001,DCA,67
11001,TLC,37
11001,DFTA,17
11001,DHS,12
11001,OSE,6
11001,3-1-1,3
11001,DOE,2
11003,DCA,47
11003,TLC,40
11003,DFTA,6
11003,DOF,2
11004,DOT,5838
11004,DPR,4500
11004,NYPD,3679
11004,DEP,2777
11004,DSNY,2443
11004,DOB,1671
11004,DOF,1164
11004,HPD,805
11004,DOHMH,400
11004,DCA,193
11004,TLC,63
11004,OSE,59
11004,DFTA,51
11004,DHS,34
11004,DOE,22
11004,3-1-1,10
11004,EDC,4
11004,DOITT,2
11005,DOF,452
11005,DOT,208
11005,DOHMH,63
11005,DEP,59
11005,DPR,37
11005,DOB,32
11005,NYPD,28
11005,HPD,14
11005,DSNY,12
11005,DFTA,8
11005,TLC,8
11005,OSE,5
11005,DCA,3
11010,DCA,22
11010,TLC,12
11010,DOF,1
11020,TLC,10
11020,DCA,2
11020,DOF,1
11021,TLC,49
11021,DCA,18
11021,DOF,10
11021,DFTA,6
11023,TLC,10
11023,DCA,3
11023,DFTA,1
11023,DOF,1
11024,TLC,8
11024,DCA,6
11030,TLC,37
11030,DCA,5
11030,DFTA,4
11030,DOF,3
11040,DOT,1151
11040,NYPD,1127
11040,DPR,933
11040,DSNY,556
11040,DEP,517
11040,DOB,513
11040,DOF,334
11040,HPD,114
11040,DOHMH,110
11040,DCA,67
11040,TLC,45
11040,OSE,28
11040,DFTA,17
11040,DOITT,2
11040,EDC,2
11042,DCA,18
11042,TLC,17
11042,DOF,6
11050,TLC,22
11050,DCA,6
11050,DFTA,2
11050,DOF,2
11096,DCA,16
11096,TLC,10
11096,DFTA,1
11096,NYPD,1
11101,NYPD,41805
11101,DOT,29538
11101,DEP,14536
11101,HPD,11179
11101,DSNY,10530
11101,DOB,9101
11101,DCA,3313
11101,DPR,2957
11101,DOHMH,2735
11101,TLC,2683
11101,DOF,1375
11101,OSE,691
11101,DHS,512
11101,DFTA,255
11101,DOE,117
11101,3-1-1,115
11101,EDC,44
11101,DOITT,34
11101,NYCEM,1
11102,NYPD,27619
11102,HPD,15118
11102,DOT,8856
11102,DEP,7118
11102,DSNY,6445
11102,DOB,5094
11102,DPR,2969
11102,DOF,1562
11102,DOHMH,1340
11102,TLC,1318
11102,DCA,576
11102,OSE,341
11102,DHS,319
11102,DFTA,275
11102,3-1-1,104
11102,EDC,64
11102,DOE,32
11102,DOITT,24
11103,NYPD,32335
11103,HPD,17477
11103,DOT,11990
11103,DSNY,9502
11103,DEP,6770
11103,DOB,5225
11103,DPR,3572
11103,DOHMH,2134
11103,DOF,1781
11103,DCA,1297
11103,TLC,991
11103,OSE,962
11103,DHS,398
11103,DFTA,216
11103,3-1-1,164
11103,DOE,68
11103,DOITT,38
11103,EDC,23
11104,HPD,18073
11104,NYPD,16498
11104,DOT,7046
11104,DEP,5565
11104,DSNY,3678
11104,DOB,3058
11104,DPR,2629
11104,DOF,1438
11104,DOHMH,1224
11104,TLC,720
11104,DCA,545
11104,DHS,340
11104,OSE,226
11104,DFTA,205
11104,3-1-1,72
11104,DOE,63
11104,EDC,33
11104,DOITT,32
11104,NYCEM,1
11105,NYPD,25617
11105,HPD,14786
11105,DOT,11460
11105,DSNY,9501
11105,DEP,7723
11105,DPR,7115
11105,DOB,5110
11105,DOF,2049
11105,DOHMH,2007
11105,DCA,855
11105,TLC,800
11105,OSE,540
11105,DHS,469
11105,DFTA,180
11105,DOE,111
11105,EDC,96
11105,3-1-1,81
11105,DOITT,16
11106,NYPD,29529
11106,HPD,16202
11106,DOT,12501
11106,DEP,7840
11106,DSNY,7737
11106,DOB,4318
11106,DPR,3187
11106,DOHMH,1688
11106,DOF,1525
11106,TLC,1141
11106,DCA,937
11106,OSE,524
11106,DFTA,295
11106,DHS,203
11106,DOE,150
11106,3-1-1,147
11106,DOITT,69
11106,EDC,60
11109,NYPD,2025
11109,DEP,491
11109,DOT,296
11109,TLC,271
11109,DOB,126
11109,HPD,70
11109,DPR,65
11109,DSNY,58
11109,OSE,48
11109,DOHMH,39
11109,DCA,37
11109,DOF,26
11109,EDC,20
11109,DHS,19
11109,3-1-1,12
11109,DFTA,5
11109,DOE,2
11201,NYPD,40609
11201,DOT,29499
11201,DEP,20857
11201,HPD,12387
11201,DSNY,11882
11201,DOB,8778
11201,DPR,7238
11201,TLC,5038
11201,DOHMH,3543
11201,DOF,2422
11201,DCA,2259
11201,DHS,1293
11201,EDC,1171
11201,OSE,669
11201,DFTA,416
11201,3-1-1,197
11201,DOE,151
11201,DOITT,68
11203,HPD,91120
11203,NYPD,49523
11203,DSNY,19738
11203,DOT,16755
11203,DEP,9980
11203,DOB,8089
11203,DPR,7214
11203,DOHMH,4208
11203,DOF,3598
11203,DCA,1623
11203,DFTA,1527
11203,DHS,1387
11203,TLC,467
11203,OSE,225
11203,DOE,198
11203,3-1-1,87
11203,EDC,23
11203,DOITT,4
11203,NYCEM,1
11204,NYPD,46694
11204,HPD,31714
11204,DOT,22892
11204,DSNY,18507
11204,DEP,10030
11204,DPR,8956
11204,DOB,8933
11204,DOF,4040
11204,DOHMH,2041
11204,DCA,1126
11204,DFTA,497
11204,OSE,488
11204,TLC,321
11204,DHS,233
11204,DOE,210
11204,3-1-1,106
11204,DOITT,41
11204,EDC,25
11205,NYPD,40235
11205,HPD,20229
11205,DOT,12606
11205,DSNY,12136
11205,DEP,8802
11205,DOB,7264
11205,DPR,3892
11205,DOHMH,3402
11205,TLC,1496
11205,DOF,1239
11205,DCA,910
11205,DHS,580
11205,DFTA,549
11205,OSE,494
11205,DOE,189
11205,EDC,106
11205,3-1-1,103
11205,DOITT,11
11206,NYPD,63338
11206,HPD,52503
11206,DOT,19461
11206,DSNY,16557
11206,DEP,13792
11206,DOB,10180
11206,DOHMH,4611
11206,DPR,4045
11206,DCA,1610
11206,DHS,1532
11206,DOF,1513
11206,TLC,1137
11206,DFTA,736
11206,OSE,603
11206,3-1-1,198
11206,DOE,189
11206,EDC,56
11206,DOITT,26
11207,HPD,112125
11207,NYPD,65273
11207,DOT,30988
11207,DSNY,26416
11207,DEP,15929
11207,DOB,12890
11207,DPR,7114
11207,DOHMH,6314
11207,DHS,4761
11207,DOF,2603
11207,DCA,2275
11207,DFTA,1610
11207,TLC,614
11207,OSE,461
11207,DOE,259
11207,3-1-1,156
11207,EDC,67
11207,DOITT,32
11207,NYCEM,1
11208,HPD,90068
11208,NYPD,67653
11208,DOT,23581
11208,DSNY,22436
11208,DEP,17050
11208,DOB,14003
11208,DPR,5679
11208,DOHMH,4877
11208,DHS,3720
11208,DOF,2339
11208,DCA,2187
11208,DFTA,1285
11208,TLC,480
11208,OSE,292
11208,DOE,249
11208,3-1-1,212
11208,EDC,75
11208,DOITT,20
11208,NYCEM,6
11209,NYPD,47864
11209,HPD,43184
11209,DSNY,23628
11209,DOT,22422
11209,DEP,13411
11209,DPR,10220
11209,DOB,10174
11209,DOF,4322
11209,DOHMH,3330
11209,DCA,1738
11209,OSE,911
11209,DHS,688
11209,TLC,678
11209,DFTA,467
11209,3-1-1,251
11209,DOE,148
11209,DOITT,145
11209,EDC,66
11210,HPD,62742
11210,NYPD,36710
11210,DSNY,15337
11210,DOT,14861
11210,DEP,8711
11210,DPR,8695
11210,DOB,7267
11210,DOF,2875
11210,DOHMH,2596
11210,DCA,1163
11210,DFTA,817
11210,DHS,815
11210,TLC,400
11210,OSE,254
11210,DOE,194
11210,3-1-1,123
11210,EDC,86
11210,DOITT,21
11211,NYPD,57632
11211,HPD,38118
11211,DSNY,22082
11211,DOT,20969
11211,DEP,19275
11211,DOB,13113
11211,DPR,7545
11211,DOHMH,4667
11211,DOF,2439
11211,TLC,2317
11211,DCA,1674
11211,DHS,766
11211,OSE,759
11211,3-1-1,409
11211,DFTA,331
11211,DOE,139
11211,EDC,80
11211,DOITT,32
11212,HPD,111258
11212,NYPD,45815
11212,DOT,17433
11212,DSNY,12565
11212,DEP,7766
11212,DOB,7529
11212,DOHMH,4345
11212,DPR,4115
11212,DHS,2873
11212,DCA,2168
11212,DOF,2147
11212,DFTA,1642
11212,TLC,427
11212,DOE,237
11212,OSE,175
11212,3-1-1,108
11212,EDC,47
11212,DOITT,21
11213,HPD,123085
11213,NYPD,47551
11213,DOT,15077
11213,DSNY,12511
11213,DOB,8510
11213,DEP,8462
11213,DOHMH,5064
11213,DPR,4952
11213,DOF,2237
11213,DFTA,1319
11213,DHS,1318
11213,DCA,925
11213,TLC,630
11213,OSE,407
11213,3-1-1,147
11213,DOE,109
11213,EDC,44
11213,DOITT,31
11214,NYPD,50498
11214,HPD,42551
11214,DOT,24549
11214,DSNY,17460
11214,DEP,12506
11214,DOB,10207
11214,DPR,7744
11214,DOF,5053
11214,DOHMH,3216
11214,DCA,1929
11214,DFTA,823
11214,DHS,434
11214,OSE,397
11214,TLC,355
11214,DOE,308
11214,3-1-1,125
11214,DOITT,40
11214,EDC,32
11215,NYPD,36024
11215,DOT,28849
11215,DSNY,28158
11215,HPD,25835
11215,DEP,20164
11215,DPR,13943
11215,DOB,9660
11215,DOHMH,4925
11215,DOF,3149
11215,TLC,2660
11215,DHS,1446
11215,DCA,1276
11215,OSE,582
11215,EDC,540
11215,DFTA,347
11215,3-1-1,162
11215,DOE,146
11215,DOITT,72
11216,HPD,91207
11216,NYPD,51591
11216,DSNY,19922
11216,DOT,14859
11216,DEP,12191
11216,DOB,11206
11216,DOHMH,7584
11216,DPR,6593
11216,DHS,2121
11216,DOF,1945
11216,DCA,1122
11216,TLC,1094
11216,DFTA,1074
11216,OSE,357
11216,3-1-1,279
11216,EDC,132
11216,DOE,93
11216,DOITT,46
11217,NYPD,37225
11217,DOT,18530
11217,HPD,15273
11217,DSNY,14756
11217,DEP,14360
11217,DOB,6333
11217,DPR,5970
11217,DOHMH,4081
11217,TLC,2480
11217,DOF,1555
11217,DCA,1217
11217,DHS,1050
11217,OSE,517
11217,DFTA,377
11217,EDC,325
11217,3-1-1,189
11217,DOE,150
11217,DOITT,39
11218,HPD,48627
11218,NYPD,45297
11218,DOT,19688
11218,DSNY,17514
11218,DEP,11760
11218,DOB,8549
11218,DPR,7712
11218,DOF,3484
11218,DOHMH,2848
11218,DCA,1335
11218,TLC,901
11218,OSE,730
11218,DFTA,560
11218,DHS,494
11218,3-1-1,143
11218,DOE,68
11218,EDC,58
11218,DOITT,23
11219,NYPD,33615
11219,HPD,32449
11219,DOT,27553
11219,DSNY,22020
11219,DEP,9575
11219,DOB,9033
11219,DPR,6420
11219,DOF,4151
11219,DOHMH,2292
11219,DCA,1074
11219,OSE,625
11219,DFTA,549
11219,DHS,478
11219,TLC,433
11219,3-1-1,104
11219,DOE,102
11219,DOITT,46
11219,EDC,21
11220,HPD,51262
11220,NYPD,49513
11220,DOT,26273
11220,DSNY,18316
11220,DEP,13876
11220,DOB,12326
11220,DPR,8865
11220,DOHMH,3106
11220,DCA,3051
11220,DOF,2823
11220,DHS,816
11220,TLC,679
11220,OSE,605
11220,DFTA,579
11220,3-1-1,190
11220,DOE,128
11220,DOITT,71
11220,EDC,52
11221,HPD,104644
11221,NYPD,69231
11221,DSNY,22877
11221,DOT,19573
11221,DEP,16249
11221,DOB,15688
11221,DOHMH,8768
11221,DPR,5973
11221,DHS,2870
11221,DOF,1993
11221,DFTA,1251
11221,DCA,1000
11221,TLC,827
11221,OSE,373
11221,3-1-1,362
11221,DOE,235
11221,EDC,69
11221,DOITT,11
11222,NYPD,31913
11222,HPD,20338
11222,DOT,16512
11222,DSNY,15941
11222,DEP,13529
11222,DOB,8716
11222,DPR,5320
11222,DOHMH,3268
11222,DOF,1849
11222,TLC,1255
11222,DCA,897
11222,DHS,834
11222,OSE,548
11222,3-1-1,165
11222,DFTA,157
11222,EDC,112
11222,DOE,61
11222,DOITT,26
11223,NYPD,47350
11223,HPD,29637
11223,DOT,21257
11223,DSNY,18986
11223,DEP,11888
11223,DPR,9006
11223,DOB,8621
11223,DOF,4435
11223,DOHMH,2664
11223,DCA,1910
11223,DFTA,719
11223,OSE,709
11223,TLC,359
11223,DHS,218
11223,3-1-1,124
11223,DOE,84
11223,DOITT,42
11223,EDC,15
11224,HPD,20321
11224,NYPD,15807
11224,DOT,8370
11224,DEP,6607
11224,DOB,4696
11224,DSNY,3827
11224,DPR,2828
11224,DOF,2026
11224,DOHMH,1749
11224,DCA,1068
11224,DHS,908
11224,DFTA,549
11224,TLC,299
11224,DOE,176
11224,OSE,154
11224,3-1-1,53
11224,DOITT,35
11224,EDC,11
11225,HPD,126913
11225,NYPD,52481
11225,DOT,12127
11225,DSNY,9954
11225,DEP,8982
11225,DOB,8603
11225,DPR,4164
11225,DOHMH,4092
11225,DOF,2615
11225,DFTA,1059
11225,TLC,914
11225,DCA,865
11225,DHS,745
11225,OSE,359
11225,EDC,221
11225,3-1-1,172
11225,DOE,171
11225,DOITT,32
11226,HPD,225669
11226,NYPD,91777
11226,DSNY,16470
11226,DOT,16083
11226,DOB,14299
11226,DEP,13187
11226,DOHMH,6246
11226,DPR,4709
11226,DOF,3830
11226,DCA,2530
11226,DHS,2143
11226,DFTA,1766
11226,TLC,893
11226,OSE,360
11226,3-1-1,246
11226,DOE,118
11226,EDC,61
11226,DOITT,59
11228,NYPD,27069
11228,DOT,14346
11228,DSNY,13370
11228,DEP,7427
11228,DOB,7150
11228,HPD,6655
11228,DPR,6549
11228,DOF,2535
11228,DOHMH,1136
11228,DCA,409
11228,DFTA,230
11228,TLC,164
11228,OSE,142
11228,DHS,95
11228,DOE,88
11228,3-1-1,76
11228,EDC,32
11228,DOITT,22
11229,NYPD,40643
11229,HPD,37443
11229,DOT,24252
11229,DSNY,18483
11229,DEP,14453
11229,DPR,12696
11229,DOB,9728
11229,DOF,5341
11229,DOHMH,2826
11229,DCA,1656
11229,DFTA,716
11229,OSE,644
11229,TLC,369
11229,DHS,339
11229,DOE,160
11229,3-1-1,101
11229,EDC,32
11229,DOITT,21
11230,HPD,68552
11230,NYPD,51117
11230,DOT,23120
11230,DSNY,21071
11230,DEP,12151
11230,DPR,11904
11230,DOB,10529
11230,DOF,4640
11230,DOHMH,3354
11230,DCA,1450
11230,OSE,935
11230,DFTA,750
11230,TLC,555
11230,DHS,458
11230,3-1-1,157
11230,EDC,60
11230,DOE,48
11230,DOITT,37
11231,NYPD,20195
11231,DOT,15903
11231,DSNY,15460
11231,DEP,10664
11231,HPD,10618
11231,DOB,6144
11231,DPR,5123
11231,DOHMH,2101
11231,DOF,1628
11231,TLC,1109
11231,DCA,1007
11231,EDC,796
11231,OSE,326
11231,DHS,295
11231,DFTA,219
11231,3-1-1,86
11231,DOE,57
11231,DOITT,10
11232,NYPD,19488
11232,HPD,17204
11232,DOT,17080
11232,DSNY,6997
11232,DEP,5781
11232,DOB,3922
11232,DPR,3410
11232,DOHMH,1161
11232,DOF,1053
11232,DCA,989
11232,TLC,437
11232,DHS,405
11232,OSE,262
11232,DFTA,181
11232,DOE,72
11232,3-1-1,71
11232,DOITT,24
11232,EDC,17
11233,HPD,109333
11233,NYPD,46022
11233,DSNY,18104
11233,DOT,17214
11233,DEP,10817
11233,DOB,10047
11233,DOHMH,6471
11233,DPR,6119
11233,DHS,3542
11233,DOF,1860
11233,DFTA,1300
11233,DCA,969
11233,TLC,630
11233,DOE,185
11233,OSE,185
11233,3-1-1,131
11233,EDC,31
11233,DOITT,28
11234,NYPD,59911
11234,DOT,27871
11234,DSNY,23784
11234,HPD,20620
11234,DEP,19135
11234,DPR,17443
11234,DOB,8927
11234,DOF,5545
11234,DOHMH,3599
11234,DCA,2878
11234,DFTA,940
11234,OSE,561
11234,DHS,512
11234,TLC,458
11234,DOE,188
11234,3-1-1,127
11234,EDC,78
11234,DOITT,17
11235,HPD,48804
11235,NYPD,42583
11235,DOT,25722
11235,DEP,17188
11235,DSNY,15745
11235,DOB,13164
11235,DPR,10726
11235,DOF,6123
11235,DOHMH,4584
11235,DCA,2581
11235,OSE,945
11235,DFTA,832
11235,DHS,616
11235,TLC,579
11235,DOE,182
11235,3-1-1,121
11235,DOITT,62
11235,EDC,30
11236,NYPD,52692
11236,HPD,38173
11236,DSNY,22238
11236,DOT,18034
11236,DEP,14544
11236,DPR,10223
11236,DOB,6725
11236,DOHMH,3410
11236,DOF,3091
11236,DCA,1463
11236,DHS,1295
11236,DFTA,1266
11236,TLC,396
11236,OSE,193
11236,3-1-1,162
11236,DOE,158
11236,EDC,29
11236,DOITT,13
11237,HPD,63308
11237,NYPD,54295
11237,DOT,15592
11237,DSNY,12300
11237,DEP,12268
11237,DOB,7902
11237,DOHMH,4461
11237,DPR,3186
11237,DOF,1545
11237,DCA,971
11237,DHS,917
11237,TLC,583
11237,OSE,458
11237,DFTA,331
11237,3-1-1,232
11237,DOE,62
11237,DOITT,19
11237,EDC,18
11238,HPD,56854
11238,NYPD,56562
11238,DSNY,17785
11238,DEP,16317
11238,DOT,16013
11238,DOB,10892
11238,DPR,8132
11238,DOHMH,6891
11238,TLC,2259
11238,DOF,1967
11238,DCA,1003
11238,DHS,946
11238,DFTA,619
11238,EDC,432
11238,OSE,390
11238,3-1-1,381
11238,DOE,111
11238,DOITT,41
11238,NYCEM,2
11239,HPD,4248
11239,NYPD,2741
11239,DOT,1996
11239,DEP,752
11239,DSNY,709
11239,DOB,506
11239,DCA,396
11239,DOHMH,332
11239,DPR,277
11239,DFTA,178
11239,TLC,141
11239,DOF,99
11239,OSE,78
11239,DOE,51
11239,DHS,48
11239,3-1-1,10
11239,EDC,3
11239,DOITT,1
11241,DOT,19
11241,DCA,12
11241,DOB,12
11241,NYPD,12
11241,DEP,8
11241,DOITT,7
11241,DSNY,7
11241,TLC,6
11241,DHS,4
11241,DFTA,3
11241,DPR,3
11241,HPD,3
11241,DOHMH,2
11241,OSE,2
11242,DEP,26
11242,NYPD,14
11242,TLC,13
11242,DOT,6
11242,OSE,6
11242,DOF,5
11242,DCA,4
11242,DOB,4
11242,DOHMH,3
11242,DHS,2
11242,EDC,2
11242,DFTA,1
11242,DPR,1
11242,DSNY,1
11243,DOF,12
11243,DOT,7
11243,DOB,5
11243,NYPD,3
11243,DEP,2
11243,DPR,1
11243,DSNY,1
11243,HPD,1
11249,NYPD,25941
11249,HPD,11529
11249,DEP,8089
11249,DSNY,6838
11249,DOT,6053
11249,DOB,5927
11249,DPR,1572
11249,DOHMH,1566
11249,TLC,955
11249,DOF,675
11249,OSE,561
11249,DCA,416
11249,DHS,175
11249,DFTA,104
11249,EDC,37
11249,3-1-1,32
11249,DOITT,6
11249,DOE,3
11354,NYPD,23137
11354,DOT,22782
11354,HPD,15432
11354,DSNY,9122
11354,DOB,8846
11354,DEP,8230
11354,DPR,6040
11354,DOF,3134
11354,DCA,2704
11354,DOHMH,2267
11354,TLC,533
11354,OSE,497
11354,DFTA,448
11354,DHS,324
11354,DOE,50
11354,3-1-1,36
11354,DOITT,26
11354,EDC,13
11355,NYPD,35857
11355,HPD,27350
11355,DOT,18530
11355,DOB,14540
11355,DSNY,10740
11355,DEP,8948
11355,DPR,5852
11355,DOF,4001
11355,DOHMH,2096
11355,DCA,1453
11355,DFTA,627
11355,TLC,449
11355,OSE,268
11355,DHS,239
11355,3-1-1,73
11355,DOE,51
11355,DOITT,22
11355,EDC,8
11355,NYCEM,2
11356,NYPD,20787
11356,DOT,10453
11356,DSNY,8583
11356,DEP,6238
11356,DOB,4443
11356,DPR,4157
11356,HPD,3838
11356,EDC,2068
11356,DOF,1189
11356,DOHMH,906
11356,DCA,829
11356,DFTA,150
11356,OSE,141
11356,DHS,92
11356,3-1-1,87
11356,TLC,82
11356,DOE,15
11356,DOITT,6
11356,NYCEM,2
11357,DOT,18792
11357,NYPD,17728
11357,DSNY,13060
11357,DPR,11764
11357,DEP,9519
11357,DOB,6176
11357,DOF,3680
11357,HPD,2273
11357,DOHMH,1440
11357,DCA,444
11357,OSE,277
11357,EDC,198
11357,DFTA,188
11357,TLC,134
11357,DOE,75
11357,DHS,64
11357,3-1-1,41
11357,DOITT,10
11358,NYPD,18694
11358,DOT,16793
11358,DSNY,13426
11358,DPR,10431
11358,DEP,8189
11358,DOB,7368
11358,HPD,5959
11358,DOF,2543
11358,DOHMH,1171
11358,DCA,542
11358,OSE,311
11358,DFTA,221
11358,TLC,154
11358,DOE,53
11358,3-1-1,36
11358,DHS,20
11358,DOITT,11
11358,EDC,10
11359,DOT,67
11359,DPR,65
11359,NYPD,49
11359,DEP,19
11359,DHS,4
11359,DOB,3
11359,DSNY,3
11359,TLC,3
11359,DCA,2
11359,DOHMH,2
11359,OSE,2
11360,NYPD,5624
11360,DOT,5105
11360,DPR,3428
11360,DEP,3218
11360,DSNY,3118
11360,DOF,2370
11360,HPD,1657
11360,DOB,1587
11360,DOHMH,444
11360,DCA,124
11360,DFTA,117
11360,TLC,92
11360,OSE,60
11360,3-1-1,19
11360,DHS,18
11360,EDC,9
11360,DOE,6
11360,DOITT,1
11361,DOT,13761
11361,NYPD,12517
11361,DSNY,10833
11361,DPR,7807
11361,DEP,6950
11361,DOB,5730
11361,HPD,3447
11361,DOF,1853
11361,DOHMH,1102
11361,DCA,682
11361,OSE,282
11361,DFTA,175
11361,TLC,110
11361,DOE,53
11361,DHS,43
11361,3-1-1,29
11361,DOITT,17
11361,EDC,8
11362,DOT,10749
11362,DPR,5207
11362,NYPD,5110
11362,DSNY,4792
11362,DEP,4539
11362,DOB,2454
11362,DOF,1629
11362,HPD,868
11362,DOHMH,454
11362,DCA,147
11362,OSE,71
11362,TLC,61
11362,DFTA,50
11362,DHS,22
11362,DOE,19
11362,DOITT,9
11362,EDC,9
11362,3-1-1,6
11363,DOT,6294
11363,DPR,3719
11363,DSNY,2772
11363,NYPD,2756
11363,DEP,2573
11363,DOB,1320
11363,HPD,850
11363,DOF,589
11363,DOHMH,221
11363,DCA,119
11363,TLC,51
11363,DFTA,21
11363,DOE,16
11363,EDC,12
11363,OSE,10
11363,DHS,10
11363,3-1-1,9
11363,DOITT,2
11364,DOT,14501
11364,NYPD,9118
11364,DPR,8792
11364,DSNY,8330
11364,DEP,7116
11364,HPD,4365
11364,DOB,3706
11364,DOF,2792
11364,DOHMH,776
11364,DCA,285
11364,DFTA,204
11364,DOE,119
11364,TLC,115
11364,OSE,92
11364,DHS,29
11364,DOITT,22
11364,3-1-1,19
11364,EDC,17
11365,NYPD,21020
11365,DOT,14021
11365,DPR,10023
11365,DSNY,9074
11365,DEP,7150
11365,DOB,4754
11365,HPD,3579
11365,DOF,2274
11365,DOHMH,1023
11365,DCA,413
11365,DFTA,276
11365,OSE,261
11365,TLC,245
11365,DOE,69
11365,3-1-1,41
11365,EDC,35
11365,DHS,35
11365,DOITT,5
11366,NYPD,31321
11366,DEP,11193
11366,DOT,8853
11366,DPR,5568
11366,DSNY,4683
11366,DOB,2355
11366,HPD,1626
11366,DOF,1104
11366,EDC,479
11366,DOHMH,449
11366,OSE,330
11366,DCA,237
11366,TLC,96
11366,DFTA,80
11366,DHS,31
11366,DOE,28
11366,DOITT,11
11366,3-1-1,9
11367,NYPD,15748
11367,HPD,15384
11367,DOT,14895
11367,DSNY,9164
11367,DEP,6684
11367,DPR,6397
11367,DOB,3683
11367,DOF,2501
11367,DOHMH,1339
11367,DCA,556
11367,TLC,345
11367,DFTA,329
11367,OSE,281
11367,DHS,79
11367,DOE,52
11367,3-1-1,40
11367,DOITT,22
11367,EDC,17
11368,NYPD,71685
11368,HPD,35765
11368,DOT,18281
11368,DSNY,13532
11368,DEP,12726
11368,DOB,10097
11368,DPR,4933
11368,DOF,2868
11368,DOHMH,2762
11368,DCA,1875
11368,DFTA,731
11368,TLC,648
11368,DHS,645
11368,OSE,415
11368,3-1-1,166
11368,DOE,91
11368,DOITT,36
11368,EDC,17
11368,NYCEM,1
11369,NYPD,29047
11369,HPD,9865
11369,DOT,9222
11369,DSNY,6662
11369,DEP,6172
11369,DOB,5048
11369,TLC,4837
11369,DPR,3500
11369,DOF,1331
11369,DOHMH,1131
11369,DCA,454
11369,DFTA,345
11369,DHS,203
11369,OSE,80
11369,3-1-1,58
11369,DOE,55
11369,DOITT,10
11369,EDC,5
11370,NYPD,16987
11370,DOT,9333
11370,DSNY,4866
11370,DPR,4154
11370,HPD,4075
11370,DEP,4053
11370,DOB,3773
11370,DOF,1371
11370,DOHMH,872
11370,DCA,373
11370,TLC,326
11370,DFTA,150
11370,OSE,88
11370,DHS,57
11370,3-1-1,28
11370,EDC,12
11370,DOE,10
11370,DOITT,7
11371,DOT,248
11371,TLC,228
11371,NYPD,25
11371,DOHMH,7
11371,DCA,6
11371,DPR,5
11371,DHS,4
11371,DEP,3
11371,OSE,2
11371,DOB,1
11371,DSNY,1
11372,NYPD,35713
11372,HPD,31375
11372,DOT,15978
11372,DEP,7661
11372,DSNY,7595
11372,DOB,7070
11372,DPR,5264
11372,DCA,3399
11372,DOF,3056
11372,DOHMH,2831
11372,TLC,1050
11372,OSE,662
11372,DFTA,461
11372,DHS,427
11372,3-1-1,155
11372,DOE,112
11372,EDC,65
11372,DOITT,64
11373,NYPD,48358
11373,HPD,46518
11373,DOT,18155
11373,DSNY,11334
11373,DOB,10293
11373,DEP,9778
11373,DPR,4981
11373,DOF,3773
11373,DOHMH,2776
11373,DCA,2063
11373,DHS,1165
11373,TLC,1042
11373,DFTA,618
11373,OSE,437
11373,3-1-1,351
11373,DOE,93
11373,DOITT,72
11373,EDC,29
11374,NYPD,25606
11374,HPD,20049
11374,DOT,12074
11374,DEP,6521
11374,DSNY,5470
11374,DOB,4975
11374,DPR,4316
11374,DOF,3731
11374,DOHMH,1958
11374,DCA,1194
11374,TLC,585
11374,OSE,483
11374,DFTA,427
11374,DHS,232
11374,DOE,114
11374,3-1-1,56
11374,EDC,16
11374,DOITT,12
11375,NYPD,28359
11375,DOT,24801
11375,HPD,22271
11375,DEP,16200
11375,DPR,12203
11375,DSNY,12012
11375,DOB,6815
11375,DOF,5300
11375,DOHMH,2521
11375,TLC,2191
11375,DCA,1371
11375,OSE,836
11375,DHS,616
11375,DFTA,555
11375,DOE,123
11375,3-1-1,99
11375,EDC,60
11375,DOITT,49
11377,NYPD,54670
11377,HPD,31717
11377,DOT,25850
11377,DEP,13324
11377,DSNY,12382
11377,DOB,9623
11377,DPR,7420
11377,DOHMH,3506
11377,DOF,3218
11377,DCA,2280
11377,DHS,2111
11377,TLC,1474
11377,OSE,604
11377,DFTA,513
11377,3-1-1,150
11377,DOITT,91
11377,DOE,80
11377,EDC,28
11378,NYPD,39005
11378,DOT,19536
11378,DSNY,13396
11378,DEP,9392
11378,DPR,6364
11378,HPD,6282
11378,DOB,5902
11378,DOF,2161
11378,DOHMH,1739
11378,DCA,1030
11378,TLC,293
11378,DHS,237
11378,OSE,226
11378,DFTA,185
11378,3-1-1,63
11378,DOE,54
11378,EDC,22
11378,DOITT,8
11379,NYPD,27219
11379,DOT,15409
11379,DSNY,11791
11379,DPR,8738
11379,DEP,8331
11379,DOB,4859
11379,HPD,4332
11379,DOF,2682
11379,DOHMH,1605
11379,DCA,401
11379,TLC,242
11379,DFTA,200
11379,OSE,167
11379,DHS,132
11379,3-1-1,90
11379,DOE,73
11379,EDC,17
11379,DOITT,12
11385,NYPD,95265
11385,HPD,50361
11385,DOT,35652
11385,DSNY,34344
11385,DEP,21394
11385,DPR,16642
11385,DOB,11100
11385,DOHMH,5652
11385,DOF,4424
11385,DCA,1839
11385,DHS,1052
11385,OSE,778
11385,DFTA,760
11385,TLC,576
11385,3-1-1,206
11385,DOE,142
11385,EDC,46
11385,DOITT,28
11385,NYCEM,2
11411,DOT,8876
11411,NYPD,8504
11411,DEP,7092
11411,DSNY,5717
11411,DPR,4846
11411,HPD,3014
11411,DOB,1719
11411,DOF,1408
11411,DOHMH,690
11411,DFTA,319
11411,DCA,155
11411,DHS,95
11411,TLC,81
11411,DOE,45
11411,OSE,40
11411,3-1-1,21
11411,EDC,10
11411,DOITT,1
11412,NYPD,17171
11412,HPD,13805
11412,DSNY,12487
11412,DOT,11871
11412,DEP,10016
11412,DPR,6696
11412,DOB,4911
11412,DOHMH,2200
11412,DOF,1810
11412,DFTA,730
11412,DHS,639
11412,DCA,413
11412,TLC,106
11412,OSE,84
11412,DOE,81
11412,3-1-1,48
11412,DOITT,10
11412,EDC,9
11413,NYPD,17107
11413,DOT,16205
11413,DSNY,13721
11413,HPD,11388
11413,DEP,10199
11413,DPR,8389
11413,DOB,5139
11413,DOF,2237
11413,DOHMH,1677
11413,DCA,603
11413,DFTA,542
11413,DHS,534
11413,TLC,181
11413,OSE,86
11413,DOE,75
11413,3-1-1,58
11413,EDC,8
11413,DOITT,4
11414,NYPD,13892
11414,DOT,12315
11414,DSNY,10473
11414,DEP,8552
11414,DPR,6403
11414,HPD,4592
11414,DOB,4226
11414,DOF,3018
11414,DOHMH,1506
11414,DCA,328
11414,OSE,255
11414,DFTA,235
11414,DHS,153
11414,TLC,133
11414,DOE,76
11414,3-1-1,33
11414,EDC,23
11414,DOITT,5
11415,NYPD,13585
11415,HPD,13421
11415,DOT,6658
11415,DEP,4068
11415,DSNY,3060
11415,DPR,2906
11415,DOB,2699
11415,DOF,1285
11415,DOHMH,837
11415,DCA,266
11415,TLC,239
11415,DFTA,197
11415,DHS,167
11415,OSE,130
11415,EDC,32
11415,3-1-1,29
11415,DOITT,10
11415,DOE,9
11415,NYCEM,5
11416,NYPD,25505
11416,DOT,8932
11416,HPD,8413
11416,DSNY,7867
11416,DEP,4915
11416,DOB,4774
11416,DPR,2875
11416,DOHMH,1023
11416,DOF,821
11416,DCA,702
11416,DHS,514
11416,DFTA,209
11416,OSE,124
11416,TLC,98
11416,3-1-1,53
11416,DOE,26
11416,DOITT,5
11416,NYCEM,2
11416,EDC,1
11417,NYPD,27268
11417,DSNY,15154
11417,DOT,13143
11417,HPD,7468
11417,DEP,6293
11417,DOB,5861
11417,DPR,5858
11417,DOHMH,1784
11417,DOF,1417
11417,DCA,1040
11417,DHS,385
11417,DFTA,264
11417,OSE,208
11417,TLC,164
11417,DOE,97
11417,3-1-1,69
11417,EDC,45
11417,DOITT,7
11418,NYPD,31705
11418,HPD,15570
11418,DOT,13772
11418,DSNY,11018
11418,DOB,7183
11418,DEP,7077
11418,DPR,4716
11418,DOHMH,1680
11418,DOF,1339
11418,DCA,1237
11418,DHS,664
11418,DFTA,356
11418,TLC,266
11418,OSE,224
11418,DOE,84
11418,3-1-1,57
11418,EDC,25
11418,DOITT,11
11418,NYCEM,1
11419,NYPD,52252
11419,DOB,23289
11419,HPD,16577
11419,DSNY,14058
11419,DOT,12926
11419,DEP,7469
11419,DPR,5018
11419,DOHMH,2065
11419,DOF,1650
11419,DCA,1558
11419,DHS,462
11419,OSE,438
11419,DFTA,383
11419,TLC,306
11419,3-1-1,93
11419,DOITT,29
11419,DOE,14
11419,EDC,11
11420,NYPD,43647
11420,DSNY,17191
11420,DOT,16184
11420,HPD,12383
11420,DOB,10374
11420,DEP,10021
11420,DPR,8711
11420,DOF,2047
11420,DOHMH,1953
11420,DCA,1094
11420,DHS,604
11420,DFTA,526
11420,TLC,364
11420,OSE,156
11420,3-1-1,146
11420,DOE,100
11420,DOITT,18
11420,EDC,7
11421,NYPD,43487
11421,HPD,14199
11421,DOT,11789
11421,DSNY,10872
11421,DEP,6618
11421,DOB,5989
11421,DPR,5675
11421,DOF,1241
11421,DOHMH,1199
11421,DCA,641
11421,DHS,558
11421,DFTA,316
11421,3-1-1,203
11421,TLC,198
11421,OSE,167
11421,DOE,60
11421,DOITT,13
11421,EDC,10
11421,NYCEM,1
11422,NYPD,13042
11422,DOT,11561
11422,DSNY,8683
11422,HPD,7839
11422,DEP,6672
11422,DPR,6239
11422,DOB,2951
11422,DOF,1329
11422,DOHMH,970
11422,DHS,499
11422,DCA,336
11422,DFTA,295
11422,TLC,139
11422,OSE,53
11422,3-1-1,35
11422,DOE,28
11422,DOITT,6
11422,EDC,3
11423,NYPD,17756
11423,HPD,12987
11423,DOT,10265
11423,DSNY,8371
11423,DEP,6996
11423,DOB,4781
11423,DPR,4696
11423,DOF,1565
11423,DOHMH,1082
11423,DCA,651
11423,DHS,507
11423,DFTA,432
11423,TLC,145
11423,DOE,63
11423,OSE,48
11423,3-1-1,43
11423,DOITT,11
11423,EDC,10
11426,DOT,7693
11426,DPR,7063
11426,NYPD,6535
11426,DSNY,4357
11426,DEP,3947
11426,DOB,3189
11426,DOF,1379
11426,HPD,1199
11426,DOHMH,664
11426,DCA,240
11426,DFTA,85
11426,DOE,66
11426,OSE,61
11426,TLC,61
11426,DHS,28
11426,3-1-1,16
11426,EDC,3
11427,DOT,9482
11427,NYPD,8662
11427,HPD,5797
11427,DPR,5105
11427,DSNY,4951
11427,DEP,4741
11427,DOB,3160
11427,DOF,1485
11427,DOHMH,637
11427,DCA,294
11427,DFTA,202
11427,TLC,90
11427,DHS,82
11427,3-1-1,36
11427,DOE,31
11427,OSE,27
11427,DOITT,3
11427,EDC,1
11428,NYPD,10318
11428,DOT,8150
11428,DSNY,5260
11428,DEP,4778
11428,DPR,4307
11428,HPD,4152
11428,DOB,3052
11428,DOF,1079
11428,DOHMH,560
11428,DCA,415
11428,DFTA,183
11428,DHS,156
11428,TLC,85
11428,OSE,72
11428,3-1-1,57
11428,DOE,42
11428,DOITT,9
11428,EDC,8
11429,NYPD,11689
11429,DOT,7833
11429,DSNY,7224
11429,HPD,6864
11429,DEP,6126
11429,DPR,4246
11429,DOB,2907
11429,DOF,1305
11429,DOHMH,1050
11429,DCA,679
11429,DHS,520
11429,DFTA,408
11429,TLC,93
11429,OSE,62
11429,3-1-1,21
11429,DOITT,5
11429,DOE,4
11429,EDC,3
11430,TLC,6763
11430,DOT,845
11430,NYPD,512
11430,DEP,200
11430,DCA,179
11430,DOHMH,126
11430,DOB,47
11430,DSNY,34
11430,DHS,26
11430,DPR,20
11430,OSE,19
11430,3-1-1,5
11430,DFTA,5
11430,HPD,4
11430,DOF,3
11432,NYPD,34302
11432,HPD,29222
11432,DOT,19149
11432,DSNY,13836
11432,DEP,12884
11432,DOB,10196
11432,DPR,7687
11432,DCA,2874
11432,DOF,2631
11432,DOHMH,2623
11432,DFTA,706
11432,DHS,650
11432,TLC,485
11432,OSE,457
11432,DOE,192
11432,3-1-1,117
11432,DOITT,91
11432,EDC,10
11432,NYCEM,1
11433,NYPD,25740
11433,HPD,20933
11433,DSNY,12492
11433,DOT,10470
11433,DEP,10025
11433,DOB,5939
11433,DPR,4271
11433,DOHMH,2562
11433,DHS,1466
11433,DOF,1255
11433,DCA,677
11433,DFTA,573
11433,TLC,290
11433,DOE,96
11433,OSE,73
11433,3-1-1,49
11433,DOITT,16
11433,EDC,13
11434,NYPD,29950
11434,HPD,21859
11434,DOT,18232
11434,DSNY,16425
11434,DEP,13713
11434,DPR,9361
11434,DOB,6780
11434,DOHMH,2949
11434,DOF,2596
11434,DCA,1273
11434,DHS,1201
11434,DFTA,1021
11434,TLC,445
11434,DOE,189
11434,OSE,142
11434,3-1-1,69
11434,EDC,26
11434,DOITT,26
11434,NYCEM,5
11435,NYPD,35190
11435,HPD,23678
11435,DOT,14341
11435,DSNY,12376
11435,DEP,9489
11435,DOB,8269
11435,DPR,5047
11435,DOHMH,2299
11435,DOF,2133
11435,DCA,1487
11435,DHS,1093
11435,DFTA,602
11435,TLC,599
11435,OSE,197
11435,DOE,141
11435,3-1-1,92
11435,EDC,32
11435,DOITT,26
11435,NYCEM,1
11436,NYPD,15015
11436,HPD,6824
11436,DSNY,5755
11436,DOT,5379
11436,DEP,4963
11436,DOB,3379
11436,DPR,3117
11436,DOHMH,1090
11436,DOF,814
11436,DHS,605
11436,DFTA,344
11436,DCA,268
11436,TLC,215
11436,3-1-1,33
11436,OSE,24
11436,DOE,16
11436,DOITT,4
11436,EDC,3
11501,TLC,22
11501,DCA,11
11501,DFTA,3
11507,TLC,9
11507,DCA,6
11509,TLC,3
11509,DCA,1
11510,DCA,18
11510,TLC,18
11510,DFTA,1
11514,TLC,14
11514,DCA,7
11514,DOF,2
11514,DFTA,1
11516,TLC,17
11516,DCA,3
11516,DFTA,2
11516,DOF,2
11516,DOT,1
11518,TLC,9
11518,DCA,2
11520,DCA,40
11520,TLC,11
11520,DFTA,6
11520,DOF,2
11530,TLC,83
11530,DCA,15
11530,DFTA,1
11530,DOF,1
11542,DCA,17
11542,TLC,11
11542,DFTA,1
11545,DCA,2
11545,TLC,2
11548,DCA,3
11550,DCA,30
11550,TLC,29
11550,DFTA,2
11552,TLC,21
11552,DCA,9
11552,DFTA,4
11552,DOF,1
11553,TLC,60
11553,DCA,24
11553,DFTA,3
11554,TLC,12
11554,DCA,10
11554,DFTA,1
11556,DCA,1
11556,TLC,1
11557,TLC,8
11557,DCA,7
11557,DFTA,1
11558,DCA,14
11558,TLC,2
11558,DFTA,1
11559,TLC,38
11559,DCA,11
11559,DOHMH,4
11559,DOT,1
11559,DPR,1
11560,DCA,1
11560,TLC,1
11561,TLC,38
11561,DCA,7
11561,DOF,3
11561,DFTA,2
11563,TLC,34
11563,DCA,23
11563,DFTA,3
11565,TLC,15
11565,DCA,1
11565,DOF,1
11566,DCA,17
11566,TLC,10
11566,DOF,1
11568,TLC,5
11570,TLC,53
11570,DCA,10
11570,DOF,1
11572,TLC,18
11572,DCA,12
11572,DFTA,3
11572,DOF,1
11575,TLC,8
11575,DCA,4
11575,DFTA,1
11576,TLC,15
11576,DCA,6
11576,DFTA,1
11577,DCA,13
11577,TLC,13
11579,DCA,5
11579,TLC,2
11580,DCA,73
11580,TLC,61
11580,DFTA,8
11580,DOF,1
11580,DPR,1
11581,TLC,54
11581,DCA,36
11581,DFTA,5
11581,DOF,3
11590,DCA,74
11590,TLC,27
11590,DOF,1
11596,TLC,4
11596,DCA,2
11598,TLC,39
11598,DCA,10
11598,DFTA,2
11598,DOF,1
11599,TLC,1
11691,HPD,49375
11691,NYPD,23946
11691,DOT,15157
11691,DEP,12686
11691,DSNY,11537
11691,DOB,6068
11691,DPR,3308
11691,DOHMH,2283
11691,DHS,2043
11691,DOF,1910
11691,DFTA,724
11691,DCA,678
11691,TLC,217
11691,DOE,131
11691,OSE,128
11691,3-1-1,43
11691,DOITT,8
11691,EDC,4
11692,HPD,13369
11692,NYPD,7232
11692,DOT,5127
11692,DEP,4212
11692,DSNY,3561
11692,DOB,2246
11692,DHS,1160
11692,DPR,956
11692,DOHMH,935
11692,DOF,571
11692,DCA,344
11692,DFTA,223
11692,TLC,78
11692,OSE,37
11692,DOE,33
11692,3-1-1,9
11692,EDC,3
11692,DOITT,2
11693,NYPD,8298
11693,DOT,5447
11693,HPD,4848
11693,DEP,4100
11693,DSNY,2637
11693,DOB,2469
11693,DPR,1151
11693,DOHMH,746
11693,DOF,561
11693,DHS,260
11693,DCA,165
11693,OSE,137
11693,DFTA,74
11693,TLC,48
11693,DOE,44
11693,3-1-1,19
11693,DOITT,3
11694,NYPD,12253
11694,HPD,10965
11694,DOT,10101
11694,DEP,7039
11694,DPR,5603
11694,DOB,4565
11694,DSNY,4084
11694,DOF,1560
11694,DOHMH,1315
11694,DCA,203
11694,DFTA,197
11694,OSE,164
11694,DHS,151
11694,TLC,77
11694,DOE,59
11694,3-1-1,28
11694,EDC,7
11694,DOITT,2
11697,DOB,2288
11697,DOT,627
11697,NYPD,390
11697,HPD,270
11697,DEP,200
11697,DOF,179
11697,DSNY,46
11697,DOHMH,41
11697,DPR,37
11697,DCA,23
11697,TLC,14
11697,OSE,11
11697,DFTA,10
11697,DHS,7
11697,EDC,5
11701,DCA,6
11701,TLC,2
11702,DCA,4
11702,TLC,1
11703,DCA,7
11703,TLC,2
11703,DFTA,1
11704,DCA,17
11704,TLC,4
11704,DFTA,1
11705,DCA,1
11706,DCA,10
11706,TLC,3
11706,DFTA,2
11708,DCA,2
11709,DCA,2
11709,TLC,1
11710,DCA,67
11710,TLC,10
11710,DFTA,2
11710,DOF,2
11713,TLC,1
11714,DCA,14
11714,TLC,8
11715,DCA,1
11716,DCA,11
11716,TLC,1
11717,DCA,4
11717,DFTA,2
11717,TLC,2
11719,DCA,4
11719,TLC,1
11720,DCA,9
11720,TLC,3
11721,TLC,1
11722,DCA,5
11722,TLC,4
11722,DFTA,2
11722,DOF,1
11724,DCA,1
11724,TLC,1
11725,DCA,49
11725,TLC,4
11726,DCA,9
11726,TLC,2
11726,DFTA,1
11727,DCA,4
11729,DCA,18
11729,TLC,3
11730,DCA,2
11730,TLC,1
11731,DCA,4
11731,TLC,2
11731,DOF,1
11732,TLC,2
11733,TLC,3
11733,DFTA,1
11735,DCA,95
11735,TLC,24
11735,DFTA,1
11738,DCA,3
11738,DFTA,1
11738,DOF,1
11740,TLC,1
11741,DCA,14
11742,DCA,3
11742,TLC,2
11743,DCA,20
11743,TLC,5
11743,DOF,1
11746,DCA,17
11746,TLC,4
11746,DFTA,3
11746,DOF,2
11747,DCA,48
11747,TLC,41
11749,DCA,41
11749,TLC,4
11751,DCA,1
11753,TLC,15
11753,DCA,6
11753,DOHMH,1
11754,TLC,2
11755,DCA,3
11755,TLC,1
11756,DCA,21
11756,TLC,11
11756,DFTA,1
11756,DOF,1
11757,DCA,18
11757,TLC,4
11758,TLC,13
11758,DCA,6
11758,DOF,1
11762,TLC,7
11762,DCA,1
11762,DFTA,1
11763,DCA,11
11763,DFTA,1
11764,DCA,1
11765,DCA,1
11766,DCA,13
11766,TLC,1
11767,DCA,5
11767,TLC,1
11768,TLC,3
11768,DCA,1
11769,DCA,1
11771,TLC,4
11771,DFTA,2
11771,DCA,1
11772,DCA,12
11772,TLC,2
11776,DCA,38
11776,TLC,3
11776,DFTA,1
11777,TLC,2
11778,DCA,1
11778,TLC,1
11779,DCA,19
11779,TLC,9
11780,TLC,2
11780,DCA,1
11782,DFTA,1
11782,TLC,1
11783,TLC,2
11783,DCA,1
11783,DOF,1
11784,TLC,4
11784,DCA,2
11787,DCA,3
11787,TLC,3
11787,DFTA,1
11788,DCA,22
11788,TLC,16
11789,DCA,1
11790,DOF,1
11790,TLC,1
11791,DCA,40
11791,TLC,4
11791,DOF,1
11792,TLC,1
11793,TLC,15
11793,DCA,10
11793,DFTA,1
11793,DOT,1
11795,TLC,5
11795,DCA,1
11796,DCA,1
11796,DFTA,1
11797,DCA,62
11797,TLC,11
11797,DOF,1
11798,TLC,1
11801,DCA,23
11801,TLC,18
11801,DFTA,2
11803,TLC,26
11803,DCA,21
11803,DOF,1
11804,DCA,6
11804,DFTA,1
11804,TLC,1
11901,DFTA,4
11901,DCA,1
11901,TLC,1
11933,DCA,1
11934,DCA,1
11937,DCA,1
11946,DFTA,1
11948,DCA,1
11950,TLC,1
11951,DCA,1
11951,TLC,1
11963,DCA,4
11963,DOF,1
11967,DCA,2
11968,DCA,1
11980,DCA,1
12024,DCA,1
12033,DFTA,1
12046,DCA,1
12071,DCA,1
12122,DOF,1
12144,DCA,2
12189,DCA,1
12202,DCA,1
12202,TLC,1
12203,DCA,6
12204,DFTA,2
12205,DCA,1
12206,DCA,1
12206,DFTA,1
12207,DCA,1
12207,TLC,1
12209,DCA,2
12211,DCA,1
12303,TLC,1
12304,DFTA,1
12309,DFTA,1
12401,DFTA,1
12428,DCA,1
12508,DFTA,1
12515,DFTA,1
12518,DFTA,1
12524,DCA,2
12525,DFTA,1
12528,DFTA,1
12533,DFTA,1
12540,DCA,1
12549,DCA,1
12550,DCA,8
12550,DFTA,2
12553,TLC,3
12553,DCA,1
12589,DCA,1
12590,DCA,8
12590,DFTA,3
12601,DCA,2
12601,DFTA,2
12603,DCA,1
12701,DCA,1
12701,DFTA,1
12721,DFTA,1
12754,DCA,1
12771,DCA,1
12775,DOF,1
12779,DFTA,1
12787,DCA,1
12788,DCA,1
12790,DFTA,2
12814,DFTA,1
12865,DFTA,1
12917,DCA,1
12941,DCA,1
13039,DCA,1
13053,DCA,1
13057,DCA,1
13088,DCA,3
13202,DCA,2
13203,DCA,1
13322,DCA,1
13329,DOF,1
13350,DFTA,1
13440,DCA,1
13480,DFTA,1
13490,DCA,1
13501,DCA,1
13502,DCA,1
13502,DFTA,1
13601,DFTA,2
13601,DCA,1
13614,DCA,1
13748,TLC,1
13756,DCA,1
13790,TLC,1
13820,DFTA,1
13850,DCA,1
13903,DOF,1
13905,DCA,1
13905,DFTA,1
14009,DCA,7
14020,DCA,1
14043,DCA,1
14043,DFTA,1
14051,DCA,2
14051,TLC,1
14052,DCA,2
14068,DCA,4
14075,DCA,1
14094,DCA,1
14108,DCA,1
14120,DCA,5
14127,DCA,2
14132,DCA,3
14202,DCA,5
14203,DCA,4
14206,DCA,12
14208,DCA,1
14208,TLC,1
14209,DCA,3
14210,DCA,21
14211,DCA,1
14217,DCA,2
14218,DCA,1
14220,DCA,1
14221,DCA,26
14222,DCA,1
14223,DCA,1
14225,DCA,11
14225,DFTA,1
14226,DCA,4
14228,DCA,15
14301,DCA,1
14303,DCA,1
14304,DCA,5
14304,TLC,1
14305,DCA,1
14414,DCA,1
14450,DCA,12
14467,DCA,1
14526,TLC,1
14614,DCA,9
14615,DCA,1
14616,DFTA,1
14618,DCA,2
14621,DFTA,2
14624,DCA,2
14626,DFTA,1
14701,DCA,2
14710,DCA,1
14726,DCA,1
14814,DCA,1
14845,DCA,1
14850,DCA,1
14883,DOF,1
14892,DCA,1
14901,DCA,2
