zip,top_1,top_2,top_3,top_4,top_5,top_6,top_7,top_8,top_9,top_10,bottom_1,bottom_2,bottom_3,bottom_4,bottom_5,bottom_6,bottom_7,bottom_8,bottom_9,bottom_10
10001,10022,10017,10013,10003,10036,10010,10016,10018,10011,10019,13480,10560,13903,10537,13329,12122,14883,12721,11946,14616
10002,11211,10003,10009,10013,10027,11201,11217,10011,11206,10025,10560,13903,14845,12540,14094,11705,11764,12787,10505,13756
10003,10011,10019,10016,10022,10010,10036,10028,10013,10012,10009,13480,10560,13903,14845,12540,14094,11705,11764,12787,10505
10004,10007,10005,10006,10038,10017,10018,10036,10010,10019,10022,13480,10560,13903,10537,13329,12122,14883,10509,12533,10930
10005,10007,10004,10006,10038,10017,10075,10280,10036,10065,10022,13480,12533,10560,13903,10537,13329,12122,14883,10509,12865
10006,10005,10004,10007,10280,10069,10168,11109,10017,10038,10020,13480,10560,13903,10537,13329,12122,14883,12533,10509,11963
10007,10004,10005,10038,10006,10017,10019,10013,10036,10022,10001,13480,10560,13903,10537,13329,12122,14883,10509,12533,10940
10009,10003,10014,10028,10011,10027,10012,10025,10024,10002,10010,13480,14845,12540,14094,11705,11764,12787,10505,13756,11937
10010,10003,10019,10016,10022,10017,10011,10001,10013,10065,10128,13480,10560,13903,10537,13329,12721,12122,11946,14616,12508
10011,10003,10016,10013,10019,10022,10028,10024,10128,10010,10065,10560,13903,14845,12540,14094,11705,11764,12787,10505,13756
10012,10003,10013,10014,10009,10001,10011,10022,10028,10036,11249,14845,12540,14094,11705,11764,12787,10505,13756,11937,11789
10013,10022,10003,10011,10014,10001,10016,10012,10019,10010,10028,13480,10560,13903,10537,13329,14845,12540,14094,11705,11764
10014,10013,10028,10012,10009,10003,10011,11249,10022,10024,10016,13480,14845,12540,14094,11705,11764,12787,10505,13756,11937
10015,12046,14075,14467,13322,11933,14303,13490,10926,14850,13057,12790,12528,12533,10989,12721,12775,12779,11798,12525,12814
10016,10022,10011,10003,10019,10010,10065,10013,10036,10017,10001,13480,10560,13903,10537,12721,13329,11946,14616,12508,10993
10017,10022,10001,10019,10036,10010,10016,10018,10065,10003,10013,13480,10560,13903,10537,13329,12122,14883,12721,11946,14616
10018,10017,10001,10022,10013,10036,10016,10003,10019,10010,10012,13480,10560,13903,10537,13329,12122,14883,10509,12721,11946
10019,10022,10003,10036,10016,10010,10065,10011,10023,10017,10013,13480,10560,13903,10537,13329,12721,11946,14616,12508,10993
10020,10111,11241,10154,10158,10278,10105,10112,10281,10167,10172,13480,12533,12775,12865,10970,12814,14626,12515,13820,12721
10021,10028,10011,10023,10010,10128,10024,11375,10003,10065,11201,13480,14845,12540,14094,11705,11764,12787,10505,13756,11937
10022,10016,10019,10017,10065,10003,10036,10013,10001,10010,10011,13480,10560,13903,10537,12721,11946,13329,14616,12508,10993
10023,10019,10011,10003,10024,10065,10025,10022,10128,10028,10010,14845,12540,14094,11705,11764,12787,10505,13756,11937,11789
10024,10128,10025,10028,10011,10019,10016,10010,10003,10023,10065,14845,12540,14094,11705,11764,12787,10505,13756,11937,11789
10025,10024,10128,10029,10027,10011,10009,10065,10026,10023,10028,13480,14845,12540,14094,11705,11764,12787,10505,13756,11937
10026,10029,10025,10033,10034,10027,10032,10031,11238,10467,10009,13480,14845,12540,14094,11705,11764,12787,10505,13756,11937
10027,10025,10009,10029,11206,11238,10026,11217,11216,10024,10451,10560,13903,12721,10537,13329,11946,12122,14616,12508,10993
10028,10024,10003,10011,10022,10128,10014,10009,10019,10065,10016,13480,10560,12721,13903,11946,10537,14616,12508,10993,12518
10029,10025,10451,10027,10026,10455,10463,10467,11225,10039,10462,10560,14845,12540,14094,11705,11764,12787,10505,13756,11937
10030,10456,10467,10031,10029,11216,10458,11226,10459,11225,10453,14845,12540,14094,11705,11764,12787,10505,13756,11937,11789
10031,10032,11226,10453,10468,11225,10467,10456,10458,10452,10040,14845,12540,14094,11705,11764,12787,10505,13756,11937,11789
10032,10033,10040,10031,10452,11225,10034,10468,11226,10453,10456,14845,12540,14094,11705,11764,12787,10505,13756,11937,11789
10033,10032,10034,10040,10468,10452,11225,10031,10039,10026,10458,10560,12721,13903,11946,10537,14616,12508,13329,10993,12518
10034,10033,10032,10040,10468,10452,10026,10458,10467,10455,11225,13480,10560,13903,12721,10537,11946,13329,14616,12508,10993
10035,10029,10027,10451,10460,10026,10455,10467,10473,11205,11225,10560,13903,10537,13329,12122,14883,12721,10509,11946,14616
10036,10019,10022,10003,10017,10016,10001,10010,10012,10011,10013,13480,10560,13903,10537,13329,12122,14883,12721,11946,14616
10037,10039,10033,10032,10026,10031,11225,11226,11213,10467,10040,14845,12540,14094,11705,11764,12787,10505,13756,11937,11789
10038,10007,10017,10022,10065,10013,10019,10016,10005,10010,10011,13480,10560,13903,10537,13329,14845,12540,14094,11705,11764
10039,10037,10033,10451,10032,10031,10456,10029,10460,10459,11225,14845,12540,14094,11705,11764,12787,10505,13756,11937,11789
10040,10032,10033,10452,10034,11225,10468,10031,10458,10460,10453,14845,12540,14094,11705,11764,12787,10505,13756,11937,11789
10041,10045,10170,10174,10168,10069,11109,10107,11243,10162,10006,11946,12525,10993,12721,13480,12779,12204,14616,12518,12515
10044,10162,10112,10107,10045,10281,11109,10069,10174,10279,10106,14845,12540,14094,11705,11764,12787,10505,13756,11937,11789
10045,10174,10107,10170,10168,11243,10069,11109,10162,10281,10112,12533,12204,12304,12309,12401,12508,12515,12518,12525,12528
10048,11767,11702,11778,10514,11951,14845,12540,14094,11705,11764,12779,12790,12721,12533,12528,13350,12525,13480,12518,12515
10055,10177,10118,10103,10120,10106,10271,10162,10279,11109,10280,14901,10501,10505,12528,12524,10512,12518,12515,12508,12428
10065,10022,10019,10016,10010,10011,10128,10003,10017,10028,10025,10560,13903,12721,11946,10537,14616,12508,10993,12518,12033
10069,11109,10162,10107,10045,10174,10112,10170,10006,10168,10165,13480,10560,13903,10537,13329,12122,14883,12533,11963,14526
10075,10128,10024,10028,10065,10010,10022,10011,10019,10003,10016,13480,14845,12540,14094,11705,11764,12787,10505,13756,11937
10103,10106,10279,10120,10162,10118,10177,10055,11109,10112,10158,12533,10993,13350,11946,13480,12528,12525,12518,13329,13820
10104,11793,11516,10165,10122,10178,10152,10176,10121,11697,11109,14901,12144,12189,12203,12205,10509,12209,10505,10501,12211
10105,10172,10151,11005,10123,11559,10111,11753,10281,11241,10158,10993,12508,12525,12401,12309,12721,12304,14616,12528,12779
10106,10279,10103,10162,10120,10158,10105,10112,11005,10118,11241,13820,12033,12204,12304,12309,12401,12508,12515,11946,12518
10107,10045,10281,10112,10174,10170,10111,10162,10172,10105,10069,12204,12304,12309,12401,12508,12515,12518,13820,12033,12525
10110,10112,10123,10167,11753,11559,10151,11371,10172,11242,10105,12721,12204,14616,12304,13820,12309,13480,14621,13350,12401
10111,10154,10281,10105,10172,10020,10112,11241,11005,10123,10167,12775,12814,12515,12508,10993,12401,10560,12518,12122,13329
10112,10281,10105,10107,10172,10111,11005,10162,10279,11241,10158,14526,11950,13480,12533,12865,10970,12814,14626,12515,12721
10115,10167,10151,10123,11559,10105,11359,11371,11753,11242,11005,12122,12309,12401,12508,12515,12518,12525,12528,12304,12533
10118,10177,10103,10055,10120,10162,10106,10279,10271,11109,10069,12033,12814,12304,12721,12309,12865,14616,12204,12401,14621
10119,10169,10166,11359,10152,11697,10170,10176,10165,10178,10107,13480,14526,12533,12865,12515,12721,11946,14616,12508,10993
10120,10103,10106,10055,10118,10279,10177,10162,10271,10158,10112,12775,12304,14616,10560,12779,12790,12814,12865,12204,13329
10121,10152,10165,10170,11430,11109,10174,11963,10528,10560,13903,12865,12508,12533,10993,12033,13820,12814,12790,11946,12518
10122,10165,11793,11516,10104,10178,10152,11109,10174,10168,11243,10537,13820,13480,13350,13329,12865,12814,12790,10930,12779
10123,11559,11753,10151,11242,10172,11371,10167,10105,10176,11005,12525,12528,12790,12518,12779,12814,12865,14621,10993,12515
10128,10024,10025,10075,10011,10028,10065,10010,10019,10016,10003,13480,14845,12540,14094,11705,11764,12787,10505,13756,11937
10151,10123,11559,11753,10167,10105,11371,10172,11242,11005,11241,12304,10993,12533,12309,12721,12528,14616,12033,14621,12525
10152,10119,10104,10165,11516,11793,10122,10176,10169,10121,10178,14616,12304,12309,12401,13820,12508,13480,11946,12033,13350
10153,10278,10155,11243,10020,10154,10111,10169,10107,10045,10170,12525,10993,13903,13820,12533,13480,10560,13350,13329,12304
10154,10111,10105,10167,10172,11241,11371,11753,10123,11005,10020,12401,13480,13350,11946,10993,13329,12508,12865,12122,10930
10155,10153,10278,11243,10048,10154,10020,11778,11767,11702,11724,11946,12533,12033,12204,12304,12309,12401,12508,12515,12518
10158,11241,10167,10123,10105,10172,11559,10151,11005,11753,11242,12515,12508,10509,12790,12401,13329,11946,13350,12721,13480
10162,10106,10103,10279,10112,11109,10177,10069,10107,10118,10271,14526,13480,11950,12721,11946,14616,12508,10993,12518,12033
10165,10122,10178,11516,11793,10104,10168,10174,11109,10152,10170,12525,12122,12204,12721,13903,13820,10560,13480,13350,13329
10166,11359,11371,10169,10119,11005,11242,10176,11753,10123,11559,14901,10923,10924,10925,10926,10930,10940,10941,11764,10970
10167,10151,10123,11241,11753,11559,11371,10158,10172,11242,10154,12533,12865,12814,12790,12779,12721,13820,12528,12525,12518
10168,10170,10174,10045,10107,10165,11109,10271,11243,10006,10069,13903,10930,12204,12775,10560,12779,12790,10537,12814,12122
10169,10119,10166,11359,10152,11697,10170,10154,11371,11005,10176,12525,12033,12204,13820,13480,13350,12304,12309,12401,12508
10170,10045,10174,10168,10107,11243,11109,10069,10165,10162,10112,12528,13480,13350,12865,12814,12790,12779,12721,12533,12525
10171,10107,10045,10281,10174,10112,11242,10111,10172,10170,10162,14901,10925,10926,10930,10940,10941,10970,10990,10993,12771
10172,10281,10105,10123,11753,11559,11005,10151,11371,10111,11241,14901,12540,10541,10546,10547,12533,12528,10560,12525,10570
10173,10168,10045,10175,10170,10174,10280,11243,10107,10165,10006,12528,10984,13480,10987,10989,10993,12721,13748,13790,13820
10174,10045,10170,10107,11243,10168,11109,10069,10165,10162,10281,12721,10930,13903,12528,10993,12525,12533,14616,12508,10509
10175,10803,10173,10110,10122,10470,10120,10165,10112,11243,10271,14901,11901,11933,11934,11937,11946,11948,11050,11042,11804
10176,11242,11559,10123,10151,10172,10105,11371,11753,10158,11005,12401,12309,12122,10930,10537,12304,12775,14616,11946,13350
10177,10118,10055,10103,10162,10271,10120,10106,11109,10279,11243,14901,14892,10941,12540,12533,12528,12525,12524,12518,12515
10178,10165,11516,11793,10176,10104,10122,10271,10152,11556,10594,12525,12204,12721,10537,12775,12779,11946,12790,12304,12814
10270,11599,10921,10950,10964,10526,10913,11792,13790,11721,13748,14901,12309,12304,12211,12209,12206,12205,12204,12203,12189
10271,10177,10162,11565,10594,11556,12553,10580,10916,10987,12303,14616,12508,12779,11946,12515,12304,12518,12525,12033,12790
10278,10153,10154,10111,10020,10155,11243,10105,11241,10167,10281,12204,12304,12309,12401,11946,12508,13820,12515,13480,12033
10279,10106,10103,10162,10105,10158,10112,11005,10172,10120,10281,12528,12865,11946,13350,12525,10993,12033,13820,12204,12304
10280,11040,10006,10020,10158,11004,10005,11241,10162,10168,10069,13480,12533,12721,11946,14616,12508,10993,12518,12033,12401
10281,10172,10112,10107,10111,10105,11005,11241,10151,10123,10154,12721,12304,12309,12401,13350,14616,12508,12515,14621,11946
10282,11001,11239,10069,11109,10475,10004,11360,10045,10107,11004,13480,10560,13903,10537,13329,12122,14883,10509,12533,11963
10301,10304,10305,10306,10302,10314,11235,10309,10303,11433,11435,14845,12540,14094,11705,11764,12787,10505,13756,11937,11789
10302,10303,10304,10305,10314,10306,11423,10310,10309,10301,10469,11950,10560,13903,10537,13329,12122,14883,10509,14526,12721
10303,10302,10305,10304,10310,10306,10301,10314,10469,11433,10309,11950,10560,13903,10537,13329,12122,14883,10509,12721,11946
10304,10305,10302,10303,10314,10301,10309,10306,11433,11435,10465,10560,11950,13903,10537,13329,12122,14883,12721,11946,14616
10305,10306,10309,10314,10304,10303,10302,10308,10312,10301,10465,11950,10560,13903,14845,12540,14094,11705,11764,12787,10505
10306,10314,10305,10309,10308,10312,10302,10304,11357,10301,11229,11950,14845,12540,14094,11705,11764,12787,10505,13756,11937
10307,10309,10306,10308,10305,10312,10302,10314,11364,11361,11357,11950,14526,14845,12540,14094,11705,11764,12787,10505,13756
10308,10312,10314,10306,10309,10305,11357,11379,10302,11414,10465,11950,14845,12540,14094,11705,11764,12787,10505,13756,11937
10309,10314,10306,10312,10305,10308,10304,10302,10465,10307,11357,11950,14526,10560,13903,10537,13329,12721,11946,14616,12508
10310,10302,10303,10304,10306,10305,10301,10314,10308,10469,11423,11950,10560,13903,10537,13329,12122,14883,12721,11946,14616
10312,10308,10309,10314,10306,10305,11357,10465,11234,11379,10304,11950,14526,14845,12540,14094,11705,11764,12787,10505,13756
10314,10306,10308,10309,10312,10305,10304,10302,11234,10465,11357,10560,13903,10537,13329,11950,12721,11946,14616,12122,12508
10451,10455,10467,10456,10462,10458,10460,10029,10468,10452,10039,13480,10560,13903,10537,13329,12122,14883,12721,11946,14616
10452,10453,10468,10458,10460,10456,10457,11226,10467,11225,10032,14845,12540,14094,11705,11764,12787,10505,13756,11937,11789
10453,10457,10452,10456,10468,10458,10467,10460,11226,10459,10031,14845,12540,14094,11705,11764,12787,10505,13756,11937,11789
10454,10460,10459,10456,10451,11212,10473,10455,11221,10467,10466,14845,12540,14094,11705,11764,12787,10505,13756,11937,11789
10455,10458,10459,10451,10456,10467,11226,11212,10460,10468,11216,10560,13903,10537,13329,12122,14883,12721,11946,14616,12508
10456,10453,10467,10458,10460,10452,10457,11212,11226,10459,11225,14845,12540,14094,11705,11764,12787,10505,13756,11937,11789
10457,10453,10452,10456,10460,10458,10468,10467,11226,10459,10472,14845,12540,14094,11705,11764,12787,10505,13756,11937,11789
10458,10468,10456,10467,10453,11226,10452,10460,10457,10455,10459,10560,13903,10537,12721,13329,11946,12122,14616,12515,12508
10459,11226,10460,10467,10458,10456,10455,10453,11213,10457,11225,10560,14845,12540,14094,11705,11764,12787,10505,13756,11937
10460,10456,10452,10467,10458,10453,10457,10459,11225,10472,10468,10560,13903,10537,14845,12540,14094,11705,11764,12787,10505
10461,11214,10469,10473,11432,11234,11235,10462,11435,11385,11209,10560,13903,10537,13329,12721,11946,12122,14616,12508,10993
10462,10467,10451,11225,10460,11435,10458,10459,10455,10463,11226,10560,13903,10537,13329,14845,12540,14094,11705,11764,12787
10463,10462,10029,10467,11225,10030,10451,10025,10026,10456,10473,14845,12540,14094,11705,11764,12787,10505,13756,11937,11789
10464,11360,10302,10471,10303,10307,10306,11362,10314,10309,11693,14526,11950,10560,13903,10537,13329,12122,14883,14845,12540
10465,11378,10314,11423,11234,11385,10304,10309,10305,11435,11421,14845,12540,14094,11705,11764,12787,10505,13756,11937,11789
10466,10469,11203,11207,10460,10459,11208,11212,11233,10467,10473,10560,13903,10537,13329,12122,14883,12721,11946,11950,10528
10467,10456,11226,10458,10460,10453,10468,11225,10459,10452,11213,10560,14845,12540,14094,11705,11764,12787,10505,13756,11937
10468,10458,10453,10452,10467,11226,10457,10456,10460,10031,11225,10560,13903,12721,10537,11946,13329,14616,12508,12122,10993
10469,10466,11423,11412,11413,11433,11207,11210,11234,11203,11236,10560,13903,10537,13329,12122,12721,14883,11946,14616,12508
10470,10302,10474,10303,10466,11102,10469,11423,11435,10471,11418,14845,12540,14094,11705,11764,12787,10505,13756,11937,11789
10471,11427,11367,10465,11429,11694,11423,10305,11693,11364,11378,14845,12540,14094,11705,11764,12787,10505,13756,11937,11789
10472,10460,10452,11213,10453,10456,10457,10467,10459,11226,11212,14845,12540,14094,11705,11764,12787,10505,13756,11937,11789
10473,10469,10461,10466,11212,10462,11435,11203,11207,11214,11433,10560,13903,10537,13329,12122,12721,14883,11946,14616,12508
10474,10460,10459,10302,11237,10301,11207,10455,11105,11233,10303,11950,14845,12540,14094,11705,11764,12787,10505,13756,11937
10475,11239,10473,10461,10462,10029,10451,11374,10463,11375,10037,13480,10560,13903,10537,13329,12122,14883,12721,11946,10509
10501,12203,14814,13501,14120,14202,14414,14009,14203,11727,14068,12528,10270,10177,12122,10175,12204,10172,10171,12303,12304
10502,11778,11724,11729,10590,10994,11767,11702,10514,14222,11765,10560,10509,10930,10537,10175,12122,12775,11243,14883,13329
10504,11790,10528,10560,13903,10537,13329,12122,14883,11963,10509,14901,12518,12515,12508,12428,12401,12309,12304,12524,12211
10505,12787,13756,11937,11764,11705,11789,14094,12589,12540,13850,12779,12528,12533,10989,12721,12775,11798,12790,12525,12814
10506,11719,10980,11579,10533,11780,11577,12207,10962,11024,10707,10930,10537,13329,12865,12814,12790,12779,12775,12721,12528
10507,11754,10709,12303,10580,10576,11732,10989,11568,11777,10950,14901,12401,12309,12304,12211,12209,12206,12205,10501,12428
10509,14883,12122,13329,10537,13903,10560,11963,10528,10504,10940,14901,10984,10983,10980,10977,10970,10965,10964,10987,10962
10510,14208,10533,11757,11579,11783,10506,10980,11719,11577,11514,12533,12790,12779,12721,12528,13350,12525,12518,12515,12508
10512,12601,13905,12550,11804,14043,10547,12590,14225,11763,12701,10930,10175,10172,10921,10964,11950,10917,10916,10171,10989
10514,11951,10941,13203,11751,14710,14301,13440,14108,12941,12428,10993,11243,13480,13350,13329,12865,10175,12814,12790,12779
10516,10579,10987,11792,10913,13790,10526,11721,13748,10964,11798,14901,12309,12304,12211,12209,12206,12205,12204,12203,12189
10520,11706,10589,10605,11030,11558,11756,11722,10595,11598,11553,10509,12775,12122,13329,11243,10537,10930,10175,13903,14883
10522,10984,10567,10965,11704,10801,11510,11563,10977,11726,10566,10537,10509,10175,14883,11243,13903,13329,10560,10930,12122
10523,11749,11720,14304,11714,10595,11509,11716,12202,10956,11560,10930,12865,10560,12814,10537,12790,12779,12775,12721,12533
10526,10964,10913,11792,13790,11721,13748,10921,11798,11713,11740,14901,12309,12304,12211,12209,12206,12205,12204,12203,12189
10528,10504,11790,10560,13903,10537,13329,12122,14883,11963,10509,12790,12814,12779,12721,12533,13480,12528,12525,12518,12515
10530,11542,11901,11575,11530,11762,10606,11554,10704,10708,11552,10175,10171,10166,14526,11950,11243,10173,10312,11385,11226
10532,11742,10536,11024,10707,10604,11779,11701,12207,11788,11780,10930,12865,12814,12790,12779,12775,12721,12533,10537,12528
10533,11579,10506,10980,11719,11577,10962,11780,12207,11024,10707,10930,13329,12865,12814,12790,12779,12775,10537,12721,12533
10536,11701,10604,10532,11742,11768,11788,10707,11024,10549,10703,10930,10537,12865,12814,12790,12779,12775,12721,12533,12528
10537,13329,13903,10560,12122,14883,10509,11963,10528,10504,10940,14901,10990,10989,10987,10984,10983,10980,10977,10993,10970
10538,10956,10983,12202,11509,10954,11518,11714,11716,11720,14051,10930,13329,12865,12814,12790,12779,12775,10537,12721,12533
10541,11548,14132,14209,13088,12754,11967,12144,14624,13202,12209,12122,10171,12033,10537,12204,12303,10166,11713,12304,12309
10543,10805,11510,10977,11023,10566,11561,10801,11550,11726,11776,10175,10171,10166,11243,14526,11950,10173,10312,10314,10025
10546,12603,11980,12917,12024,13039,14615,14211,12549,13057,14850,12779,12528,12533,10989,12721,12775,11798,12790,12525,12814
10547,14043,12550,12701,13905,12601,11796,11738,10512,11804,14305,10964,11798,10055,11792,11790,10580,11777,10579,10576,11754
10549,11795,11768,14051,11507,11518,11701,10954,11716,10703,11714,10930,13350,10509,13329,12865,12790,12779,12775,12721,12533
10550,10710,11096,11558,10601,11703,11717,11581,11557,11030,11787,10175,10509,14883,13903,11243,10930,13329,12775,10537,10560
10552,11570,11791,11572,11520,11758,11010,11731,11514,10705,10583,10175,10171,10166,14526,11243,11950,10173,13480,10312,11385
10553,11557,11787,10589,10605,11553,11726,11717,10703,11722,11756,10537,10560,11243,10175,12775,13329,10509,12122,10930,13903
10560,13903,10537,13329,12122,14883,11963,10509,10528,10504,10940,14901,12071,10994,10993,10990,10989,10987,10984,12046,10983
10562,11731,11003,11803,11570,11020,10552,11791,10583,11572,11565,10175,10173,10171,14845,12540,14094,11705,11764,12787,10505
10566,11023,10543,10708,11510,10805,10522,10984,11530,11554,11561,10175,10171,10166,11243,11950,14526,10173,10312,10314,10025
10567,10965,10522,10984,11733,10952,11704,11722,11706,11563,10801,14901,11963,11967,11968,11980,12024,12046,12071,12122,12144
10570,11708,14618,10925,14901,10901,14217,14701,10990,14052,12524,10964,10270,10984,10177,11946,10175,11950,10172,10171,12033
10573,10701,11726,10801,10977,11557,10553,11787,11553,11550,11722,10509,10175,12122,12775,10537,13329,10560,10930,13903,14883
10576,11732,10989,11568,12303,11777,10950,11599,10270,10921,10964,14901,12401,12309,12304,12211,12209,12206,12205,12204,12428
10577,11772,11730,11784,10706,11560,11596,14304,11545,11709,11720,10930,13350,13329,12865,12814,12779,10509,12775,12721,12533
10579,10516,10987,11740,11713,11798,13748,11721,13790,11792,10913,14901,12309,12304,12211,12209,12206,12205,12204,12203,12189
10580,10709,12303,10576,11732,10916,10989,11568,10987,11777,10516,14901,12309,12304,12211,12209,12206,12205,12204,12203,12189
10583,11572,11598,10705,11042,11710,11746,11566,11010,11722,11758,10175,10171,10166,11243,14526,10173,10312,13480,10314,11950
10589,10605,11756,11553,10595,11722,10553,10703,11598,10520,10954,11243,10930,10509,10175,10560,12122,12775,13329,10537,14883
10590,10994,11724,11729,11778,11783,14208,11757,11725,10510,11767,10930,13329,12865,12814,12790,12779,10560,12775,12721,12533
10591,11558,11566,10583,10804,11572,11042,10710,11743,10520,11010,10175,10171,10166,11243,14526,13480,10173,10312,11950,10314
10594,11556,12553,11755,11740,11713,11798,13748,11721,13790,11792,12533,12309,12304,10993,13329,13350,12204,13480,12122,12033
10595,11720,11509,14304,12202,10956,10983,10538,11560,10954,11714,10930,10175,13329,14883,13903,10509,11243,12775,10560,10537
10598,11801,11776,13905,11576,12601,14043,12550,10590,10512,10994,10560,10175,10509,14883,12122,13903,13329,10930,10537,12775
10601,11576,10805,11561,10550,11776,11510,10710,11550,11563,11704,11243,10560,10930,10175,10537,12122,12775,13329,10509,14883
10603,10543,11510,10805,10566,11023,11576,11776,10977,11575,11554,10175,10171,11243,10166,14526,11950,10173,10312,12775,10930
10604,10536,11701,10532,11742,11768,10707,11024,10549,11788,12207,10930,13329,12865,12814,12790,12779,12775,10537,12721,12533
10605,10589,11756,11553,10595,10703,10553,11722,11518,10954,14051,10537,13329,10175,12775,10509,11243,10560,14883,10930,13903
10606,11763,14225,12590,12206,11804,11542,11901,10512,12601,10704,10537,10930,10509,14883,10175,13903,13329,12775,10560,11243
10701,10573,10801,11726,11557,11550,10977,11787,10553,11553,11746,10560,11243,10930,12122,12775,10537,13329,10175,10509,14883
10702,13053,14228,10924,12771,11741,11766,12205,14127,14450,14206,12304,12204,10177,12122,10175,12033,10172,10171,13329,13350
10703,11507,10549,11768,11701,11795,14051,10536,11518,10604,11716,10930,12122,13329,10175,11243,13903,10509,12775,10560,10537
10704,13601,12721,11946,14616,12508,10993,12518,12033,12401,13350,10175,10171,10166,11243,10173,11950,14526,10174,10279,10312
10705,10583,11746,11572,11598,11722,10553,11010,11553,11710,11758,10175,10171,10166,11243,14526,10173,10312,11950,10314,10025
10706,11784,11772,11730,11596,10577,11545,11709,11560,11755,14304,10930,13329,12865,12814,12790,12779,12775,12721,12533,12528
10707,11024,11742,12207,11780,10532,10536,10604,11779,11719,10506,10930,12865,12814,12790,12779,12775,12721,12533,10537,12528
10708,11023,10566,10543,11552,10805,11530,11561,11514,11746,10705,10175,10171,10166,14526,11243,10173,10312,10314,11950,11385
10709,12303,10576,11732,10989,11568,11777,10950,11599,10270,10921,14901,12309,12304,12211,12209,12206,12205,12204,12203,12189
10710,11096,11558,10550,11030,10591,11563,11581,11561,10520,11557,10175,10171,10166,11243,14526,11950,10173,10312,13480,12775
10801,11726,10977,11550,11563,11704,11557,11746,11787,11722,10553,10509,10560,10930,14883,13903,10175,11243,13329,12122,10537
10803,10175,10470,10173,10271,10167,10055,11243,10165,11001,10115,14526,11950,13480,12775,10930,14892,10509,10560,13903,10537
10804,11566,11743,10549,11795,14051,11768,11518,11507,10954,11716,12721,12865,13350,12304,11946,12309,12533,12401,13480,12508
10805,11023,11561,11510,10543,11576,11704,10601,10566,11552,10977,10175,10171,10166,11243,14526,10173,11950,10312,10314,10306
10901,14901,10925,14217,14701,10990,14052,11708,12524,10570,12209,10964,10270,10984,10177,11946,10175,11950,10172,10171,12033
10913,11792,10526,10964,13790,11721,13748,11798,11713,11740,10921,14901,12309,12304,12211,12209,12206,12205,12204,12203,12189
10916,10987,10579,10516,11798,13748,11721,11713,11740,13790,11792,14901,12309,12304,12211,12209,12206,12205,12204,12203,12189
10917,11754,10507,10580,10709,12303,10576,11732,10989,11568,11777,14901,12518,10505,12515,12508,10509,12428,10512,12401,12309
10920,14726,14020,11715,12189,14305,13039,11968,14218,12024,13614,12779,12528,12533,10989,12721,12775,11798,12790,12525,12814
10921,10270,11599,10964,10526,10950,10913,11792,13790,11721,13748,14901,12309,12304,12211,12209,12206,12205,12204,12203,12189
10923,13614,14218,11968,12071,14305,14220,13850,12589,11789,12189,12779,12528,12533,10989,12721,12775,11798,12790,12525,12814
10924,14228,11741,13053,10702,11766,12205,14127,14450,14206,12771,10993,12204,12303,12304,10516,12309,12401,12508,10509,10507
10925,14901,10901,11708,14217,14701,10990,10570,14052,14618,12524,10964,10270,10984,10177,11946,10175,11950,10172,10171,12033
10926,13490,13322,14467,14075,11934,10015,12046,12211,12788,11933,12790,12528,12533,10989,12721,12775,12779,11798,12525,12814
10930,12775,10509,14883,12122,13329,10537,11963,13903,10560,10528,14901,12202,12203,11024,12204,12205,12206,12207,12209,12211
10940,11963,10560,13903,10537,13329,12122,14883,10528,10509,10504,10913,10916,10709,10987,10507,11777,11754,10270,11740,11732
10941,13203,11751,14710,14301,14108,13440,12941,12428,12788,12211,12790,12528,12533,10989,12721,12775,12779,11798,12525,12814
10950,11599,10270,10921,10964,11777,10526,10913,11792,13790,11721,14901,12309,12304,12211,12209,12206,12205,12204,12203,12189
10952,11733,11782,10960,11599,10950,10270,10921,10964,10526,10913,10175,10171,10173,11243,10166,14526,11950,14892,14221,14210
10954,11518,11716,14051,10983,10538,10956,11714,12202,11795,11509,10930,12204,12304,13480,12309,12401,10537,12508,12515,12122
10956,10983,12202,11509,10538,10954,11720,11518,11716,11714,10595,12865,13350,12814,12790,12779,12721,12533,12528,12525,12518
10960,11755,12553,11709,11545,10594,11556,11596,10706,11784,11730,10930,10175,12775,13329,11243,10509,13903,10537,12122,10560
10962,11719,10980,11717,10506,11780,12207,11579,10533,10707,11024,10930,10175,12775,13329,11243,10509,13903,10537,12122,14883
10964,10526,10913,11792,10921,13790,11721,13748,11798,10270,11713,14901,12309,12304,12211,12209,12206,12205,12204,12203,12189
10965,10567,10522,10984,11733,10952,11704,11722,11706,11782,11563,14901,11963,11967,11968,11980,12024,12046,12071,12122,12144
10970,12533,13601,12401,12033,13350,12518,10993,12508,14616,12204,10989,11798,11599,10964,11792,10950,11790,11721,11732,11740
10977,11726,10801,11550,11557,11787,11704,11563,10553,11746,10543,10537,12122,12775,10560,11243,13329,10175,14883,13903,10509
10980,10506,11719,10533,11579,11780,12207,10962,11577,10707,11024,10930,13350,13329,12865,12814,12790,12775,12721,12533,12528
10983,10956,12202,11509,10538,10954,11518,11720,11716,11714,14051,10930,11243,13329,12865,12814,12790,12779,12775,12721,12533
10984,10522,10567,10965,10566,11510,11704,10801,11563,10543,10977,14901,11963,11967,11968,11980,12024,12046,12071,12122,12144
10987,10916,10579,10516,11713,11740,11798,13748,11721,13790,11792,14901,12309,12304,12211,12209,12206,12205,12204,12203,12189
10989,11568,11732,11777,10576,10950,11599,10270,10921,10964,10526,14901,12309,12304,12211,12209,12206,12205,12204,12203,12189
10990,14052,14701,14217,12524,10901,14901,12209,10925,13202,11708,11740,10964,11754,11777,11782,11790,11792,10270,11798,10177
10993,12508,12518,14616,12033,12401,11946,13350,12721,12204,12779,14901,11798,11797,11795,10702,11792,11791,11790,10706,10707
10994,10590,11724,11729,11783,11778,14208,11757,11725,10510,10533,10930,13329,12865,12814,12790,12779,12775,12721,12533,12528
11001,11363,11004,10282,11360,10307,11364,10069,10464,11426,11239,14526,11950,10560,13903,12533,10537,13329,12122,14883,10509
11003,11803,11020,10562,11520,10552,11552,10708,11791,11570,11514,10175,10171,10166,10173,11243,14526,10312,10306,11950,10174
11004,11363,11360,11422,11040,11364,11001,11239,10464,11428,11362,13480,14845,12540,14094,11705,11764,12787,10505,13756,11937
11005,10172,11371,10105,11753,10151,10123,11559,11241,10281,10158,11950,14526,13480,12721,11946,14616,12508,10993,12518,12033
11010,11758,11572,11042,11566,10583,11731,10804,11797,11743,10591,12033,12721,12533,12814,12528,12525,12518,12515,12508,12865
11020,11803,11791,11570,10552,11731,11003,11520,11758,11010,10562,12790,12814,12779,10175,12721,12533,12528,12865,12525,13350
11021,11501,11746,10705,10583,11598,11572,11722,11726,10801,11787,10175,10171,10166,11243,10173,14526,10312,10314,11385,11419
11023,10805,11561,10566,11510,10543,10708,11552,11704,11563,11576,10175,10171,10166,11243,14526,11950,10173,10312,10314,10306
11024,10707,11742,12207,10532,11780,11779,10536,10604,11719,10506,10930,12865,12814,12790,12779,12775,12721,12533,10537,12528
11030,11563,11706,10520,11558,11704,11722,11096,10553,11726,11553,10175,10171,11243,10166,10560,13903,10537,13329,12122,14883
11040,10280,10158,11004,11241,10020,10006,10167,11363,10005,11005,14526,11950,10560,13903,10537,13329,12122,14883,10509,11963
11042,11010,11566,11572,10583,11758,11731,10804,11743,11710,10591,11946,12721,12814,12533,12528,12525,12518,12515,12865,12508
11050,11790,10504,10528,10940,11963,10560,13903,10537,13329,12122,10175,10171,10166,14526,10173,10312,11385,11950,10314,11226
11096,11558,10710,11030,10520,10550,10591,10553,11563,11553,11557,10560,10930,14883,13903,12122,13329,12775,10509,10537,10166
11101,11102,11232,11217,11354,10013,11222,11211,11106,11201,11231,13480,10560,13903,10537,13329,12122,14883,12721,11946,14616
11102,11232,11211,11217,11355,11106,11214,11209,11222,11218,11238,14845,12540,14094,11705,11764,12787,10505,13756,11937,11789
11103,11209,11377,11102,11372,11105,11217,11218,11106,11385,11232,10560,13903,10537,13329,12721,11946,12122,14616,12508,10993
11104,11415,11421,11102,11432,11208,10014,11375,11372,11230,11106,14845,12540,14094,11705,11764,12787,10505,13756,11937,11789
11105,11209,11385,11215,11235,11231,11106,11103,11218,11223,11217,14845,12540,14094,11705,11764,12787,10505,13756,11937,11789
11106,11102,11217,11209,11375,11377,11105,11372,11211,11385,11232,13480,14845,12540,14094,11705,11764,12787,10505,13756,11937
11109,10069,10162,10045,10174,10107,10170,10112,10165,10168,10271,13480,14845,12540,14094,11705,11764,12787,10505,13756,11937
11201,11217,11211,10013,10002,11222,11215,10011,11205,10003,10010,13480,10560,13903,10537,13329,12122,12721,11946,14883,14616
11203,11207,11236,11210,11213,10469,11225,10466,11208,11212,11226,10560,13903,10537,13329,12721,12122,11946,14883,14616,10940
11204,11219,11223,11218,11214,11230,11229,11209,11385,11228,11234,10560,13903,14845,12540,14094,11705,11764,12787,10505,13756
11205,11238,11211,11206,11217,11221,11231,11222,11215,11102,11204,10560,13903,10537,13329,12122,14845,12540,14094,11705,11764
11206,11221,11211,11205,11237,11207,11238,11216,11233,11217,10027,10560,13903,10537,13329,12122,14883,12721,11946,10509,14616
11207,11233,11208,11212,11221,11213,11203,11216,10469,11206,10466,10560,13903,10537,13329,12122,14845,12540,14094,11705,11764
11208,11207,11233,11203,11212,11221,10466,11691,10469,11213,11435,10560,13903,10537,13329,12122,14845,12540,14094,11705,11764
11209,11385,11218,11204,11230,11215,11214,11235,11223,11231,11105,10560,13903,14845,12540,14094,11705,11764,12787,10505,13756
11210,10469,11203,11230,11218,11236,11207,11216,11214,11223,11204,10560,13903,10537,13329,12721,12122,11946,14883,14616,12508
11211,11238,11217,11206,11205,11222,11215,11102,11231,11232,11220,10560,13903,10537,13329,12122,14883,10940,12721,11946,14616
11212,11207,10456,11233,11213,10467,10459,10460,11226,10455,11203,10560,13903,10537,13329,12122,14883,12721,11946,10940,10509
11213,11225,11226,11233,11216,11207,11221,10467,10460,11212,10459,10560,14845,12540,14094,11705,11764,12787,10505,13756,11937
11214,11204,11230,11235,11229,11218,11223,11209,11435,11385,11355,10560,13903,10537,12721,13329,11946,14616,12508,10993,12518
11215,11217,11231,11238,11211,11209,11222,11385,11218,11105,11102,10560,13903,10537,13329,14845,12540,14094,11705,11764,12787
11216,11221,11233,11213,11238,11207,11226,11225,11237,11206,10459,10560,13903,10537,13329,12721,12122,14883,11946,14616,12508
11217,11215,11211,11238,11222,11231,11205,11102,11232,11209,11201,10560,13903,10537,13329,12721,12122,11946,14883,14616,12508
11218,11230,11204,11223,11209,11219,11214,11229,11210,11385,11215,10560,13903,10537,12721,13329,11946,14616,12508,10993,12518
11219,11204,11230,11218,11223,11214,11229,11209,11228,11385,11217,10560,13903,10537,13329,12721,11946,12122,14616,12508,10993
11220,11232,11237,11211,11372,11214,11235,11368,11206,11209,11216,10560,13903,10537,13329,12122,12721,14883,11946,14616,12508
11221,11233,11216,11207,11206,11213,11237,11238,11212,11225,11226,14845,12540,14094,11705,11764,12787,10505,13756,11937,11789
11222,11217,11211,11231,11215,11102,11238,11205,11232,11237,11209,13480,14845,12540,14094,11705,11764,12787,10505,13756,11937
11223,11204,11218,11229,11230,11214,11219,11209,11235,11385,11234,10560,13903,10537,13329,12721,11946,12122,14616,12508,10993
11224,11235,10473,11214,10039,11691,10037,10461,11102,10128,10025,10560,13903,10537,13329,12122,14883,12721,11946,14616,12508
11225,11226,11213,10467,10460,10458,10456,10452,10468,10031,10453,14845,12540,14094,11705,11764,12787,10505,13756,11937,11789
11226,11225,10467,11213,10458,10459,10453,10468,10456,10452,10460,10560,13903,12721,10537,13329,11946,14616,10528,12508,12122
11228,11204,11385,11209,11219,11223,11214,11218,11361,11234,11379,14845,12540,14094,11705,11764,12787,10505,13756,11937,11789
11229,11223,11204,11230,11235,11234,11214,11375,11218,11219,10306,14845,12540,14094,11705,11764,12787,10505,13756,11937,11789
11230,11218,11219,11204,11214,11229,11223,11209,11210,11385,11235,10560,13903,12721,10537,11946,13329,14616,12508,10993,12518
11231,11215,11217,11238,11222,11209,11211,11218,11385,11205,11102,10560,13903,10537,13329,12122,14883,12721,11946,14616,12508
11232,11102,11217,11220,11211,11377,11215,11206,11222,11101,11231,10560,13903,10537,13329,12122,14883,12721,11946,14616,12508
11233,11207,11221,11213,11216,11212,11208,10460,11225,11226,10467,14845,12540,14094,11705,11764,12787,10505,13756,11937,11789
11234,11413,11229,10469,11423,11378,11236,10314,11385,11435,11204,10560,13903,10537,13329,12122,12721,14883,11946,14616,12508
11235,11214,11229,11209,11223,11375,11230,11218,11432,10462,11220,10560,14845,12540,14094,11705,11764,12787,10505,13756,11937
11236,11203,10469,11234,11210,11423,11435,11385,11214,11207,11204,10560,13903,10537,13329,12122,14883,14845,12540,14094,11705
11237,11221,11206,11216,11213,11233,11238,11207,11220,11211,11225,14845,12540,14094,11705,11764,12787,10505,13756,11937,11789
11238,11216,11211,11205,11217,11215,11221,11206,11231,11237,11233,14845,12540,14094,11705,11764,12787,10505,13756,11937,11789
11239,10475,11004,10282,11360,11001,10464,10307,10004,11364,10280,13480,10560,13903,10537,13329,12122,14883,10509,11950,10930
11241,10158,10167,10105,10151,10172,11005,10123,11753,11559,11371,12122,10509,14883,13903,12775,10537,10560,10930,13329,14526
11242,11559,10123,11753,10176,10151,11371,10172,10105,10167,11005,11950,14526,12775,13480,10930,10560,13903,10537,13329,12122
11243,10174,10045,10170,10153,10168,10107,11109,10165,10162,10069,14901,12303,12304,12309,12401,12428,12508,12515,12518,12524
11249,10014,10012,11211,10009,11222,10013,10028,11206,11103,11231,14845,12540,14094,11705,11764,12787,10505,13756,11937,11789
11354,11372,11355,11101,11432,11235,11220,11102,11106,11103,11214,10560,13903,10537,13329,12721,11946,12122,14616,12508,10993
11355,11214,11102,11230,11235,11354,11368,11218,11435,11229,11209,10560,13903,10537,12721,11946,13329,14616,12508,10993,12518
11356,11418,11105,11235,11421,10304,10465,11433,11694,11370,11385,11950,10560,13903,10537,13329,12122,14883,14526,10509,12721
11357,11361,11358,11365,11426,11364,11427,11362,10306,10314,10308,10560,14526,13903,10537,12721,11946,13329,14616,12508,11950
11358,11361,11357,11365,11428,11364,11379,11427,11423,11426,11378,10560,13903,10537,13329,11950,12721,11946,12122,14616,12508
11359,11371,10166,11005,10151,10115,10167,10154,10123,11241,11559,12033,12204,12304,12309,12401,12508,12515,12518,10560,12122
11360,11364,11004,11357,11362,10464,11363,11427,10471,11422,11426,14526,11950,10560,13903,10537,12721,13329,11946,14616,12508
11361,11358,11357,11365,11428,11364,11426,11423,11427,11234,11422,11950,10560,13903,12721,10537,11946,13329,14526,14616,12508
11362,11426,11357,11364,11427,11363,11361,11365,11358,11422,11414,11950,14526,14845,12540,14094,11705,11764,12787,10505,13756
11363,11364,11362,11004,11422,11426,11361,11428,11358,11365,11379,13480,11950,14526,10560,13903,10537,13329,12122,14883,10509
11364,11365,11357,11358,11427,11422,11361,11362,11426,11363,11367,14845,12540,14094,11705,11764,12787,10505,13756,11937,11789
11365,11357,11358,11361,11364,11428,11426,11427,11422,11379,11423,14845,12540,14094,11705,11764,12787,10505,13756,11937,11789
11366,11365,11428,11361,11423,11385,11358,11378,11357,11379,11422,11950,10560,13903,10537,13329,14526,12122,14883,12721,11946
11367,11427,11229,11234,11365,11370,11435,11423,11364,10314,11375,14845,12540,14094,11705,11764,12787,10505,13756,11937,11789
11368,11373,11435,11377,11220,11102,11214,11385,11355,11432,11237,10560,13903,10537,13329,12721,11946,12122,14616,12508,14883
11369,11435,11385,10469,11236,11423,11102,11370,11420,11418,11214,14845,12540,14094,11705,11764,12787,10505,13756,11937,11789
11370,11367,11364,11418,11385,11358,11365,11377,11428,11228,11423,13480,14845,12540,14094,11705,11764,12787,10505,13756,11937
11371,11753,10123,10151,11559,11005,10172,10167,11242,11359,10105,12721,12525,12518,12515,12508,12309,12304,13820,13903,12204
11372,11220,11354,11432,11209,11377,11103,11106,11218,11217,11373,10560,13903,12721,11946,10537,13329,14616,12508,10993,12518
11373,11368,11377,11372,11435,11235,11220,11432,11102,11218,11385,10560,13903,10537,12721,11946,13329,14616,12508,10993,12518
11374,11375,11235,11418,11432,10461,11229,11102,11214,11230,11209,10560,13903,12721,11946,10537,14616,12508,13329,10993,12518
11375,11229,11235,11209,11218,11230,11214,11106,11367,11374,11385,10560,14845,12540,14094,11705,11764,12787,10505,13756,11937
11377,11368,11385,11435,11232,11102,11209,11103,11218,11106,11372,10560,13903,10537,12721,13329,11946,14616,12508,10993,12518
11378,11420,11385,10465,11234,11417,11423,11435,11379,10314,11422,10560,13903,10537,13329,12122,14883,12721,11946,10509,14616
11379,11428,11385,11365,11378,11358,10308,10314,11361,11423,11422,10560,13903,10537,13329,12122,14883,12721,11946,14616,12508
11385,11209,11204,11378,11418,11218,11215,11223,11234,11230,11214,10560,13903,10537,13329,12721,12122,14845,12540,14094,11705
11411,11413,11364,11422,11412,11423,11365,11428,11434,11420,10469,14845,12540,14094,11705,11764,12787,10505,13756,11937,11789
11412,11413,10469,11423,11428,11422,11420,11434,11433,11436,11234,11950,10560,13903,10537,13329,12122,14883,12721,14526,11946
11413,11412,11422,11423,11234,10469,11428,11420,11434,11433,11411,10560,13903,10537,13329,12122,14883,12721,11946,11950,10509
11414,11427,11357,11234,10306,11422,11365,11428,10308,11364,11413,14845,12540,14094,11705,11764,12787,10505,13756,11937,11789
11415,11104,11421,11102,11208,11367,10465,11230,11218,11385,11418,13480,14845,12540,14094,11705,11764,12787,10505,13756,11937
11416,11421,11418,11420,11417,11385,11423,11378,11435,11377,11379,13480,10560,13903,10537,13329,11950,12122,14883,10509,14845
11417,11420,11423,11378,11421,11428,11416,11385,11435,11418,11379,10560,13903,10537,13329,12122,14883,11950,10509,12721,11946
11418,11421,11385,10469,11423,11416,11432,11435,11420,11210,11370,10560,13903,10537,13329,12122,14883,12721,10509,11946,14616
11419,11418,11355,11420,11417,11237,11435,11220,11423,11368,11102,10560,13903,10537,13329,12122,14883,10509,12721,11946,14616
11420,11417,11423,11378,11435,11421,11413,11385,11428,11422,11234,10560,13903,10537,13329,12122,14883,10509,12721,11946,10940
11421,11418,11416,11420,11385,11417,10465,11378,11423,11435,11370,14845,12540,14094,11705,11764,12787,10505,13756,11937,11789
11422,11413,11423,11428,11364,11426,11234,11365,11427,11420,11357,10560,13903,10537,13329,12122,14883,11950,10509,12721,11946
11423,11428,11435,11422,11413,10469,11420,11234,11412,11417,11433,10560,13903,10537,13329,11950,12122,12721,11946,14883,14616
11426,11357,11362,11365,11422,11361,11428,11427,11364,11358,10308,11950,14845,12540,14094,11705,11764,12787,10505,13756,11937
11427,11367,11364,11357,11365,11428,11361,11422,11414,11423,11426,11950,14845,12540,14094,11705,11764,12787,10505,13756,11937
11428,11423,11422,11361,11358,11413,11365,11379,11427,11234,11426,11950,10560,13903,10537,13329,12122,14883,10509,14526,11963
11429,11422,11412,11413,10471,11423,11436,10469,11428,11234,11420,10560,13903,10537,13329,11950,12122,14883,14526,10509,12721
11430,10121,11950,10017,11369,10106,10279,10022,10103,11371,11005,12775,10930,10509,14883,10560,13903,12122,10537,13329,13480
11432,11435,11235,10461,11209,11418,11385,11372,11204,11210,11220,10560,13903,10537,13329,12721,12122,11946,14883,14616,12508
11433,10469,11434,11423,11207,10304,11413,11234,11691,10466,11412,10560,13903,10537,13329,12122,14883,10509,12721,11950,11946
11434,11433,11413,10469,11234,11412,11423,10304,11422,11435,11418,10560,13903,10537,13329,14845,12540,14094,11705,11764,12787
11435,11423,10469,11368,11420,11432,11234,11214,10462,11385,11377,10560,13903,10537,12721,13329,11946,12122,14616,12508,10993
11436,11422,11412,11423,11413,10469,11420,11433,10303,11427,11428,14845,12540,14094,11705,11764,12787,10505,13756,11937,11789
11501,10605,10589,11756,10595,11553,10703,11714,11716,10538,10954,10509,12775,10537,10175,11243,13329,14883,10930,10560,13903
11507,10549,10703,11795,14051,11768,11518,11716,11701,10954,11714,10930,11243,12865,10537,12790,12779,12775,12721,12533,12528
11509,12202,10956,10983,10538,11720,14304,10954,10595,11518,11714,10930,13350,10175,12865,12814,12790,12779,12775,12721,12533
11510,10805,11704,11561,10543,11023,11563,10522,10977,10801,10566,10175,11243,14883,10930,13903,13329,10560,12775,10537,12122
11514,11520,10705,10552,10510,11703,11572,11557,11787,11758,11746,10175,10171,10166,11243,14526,10312,10173,10314,11950,11385
11516,11793,10104,10178,10165,10122,10152,10176,10121,11697,11109,10175,14526,11950,12775,10314,11207,11221,11434,11213,11377
11518,10954,14051,11795,11716,10538,10983,10956,11714,12202,11509,10930,13350,13329,12865,12814,12790,12779,12775,12533,12528
11520,11514,10552,11791,10705,11572,11570,11010,11758,10708,10583,10175,10171,10166,11243,14526,11950,10173,10312,10306,10314
11530,10566,10543,10708,11023,10805,11510,11554,11575,11021,11561,10175,10171,10166,11243,10173,10312,10314,11385,11230,11226
11542,11762,10606,11575,11901,11554,11576,11763,12206,11804,14225,11243,14883,13903,13329,10509,12775,10560,12122,10537,10930
11545,11709,11596,11755,10706,11784,12553,11730,11772,10960,10577,10930,12033,12401,12204,12304,10509,13480,13350,13329,12865
11548,10541,14132,14209,13088,12754,11967,12144,14624,13202,12209,12122,10171,12033,10537,12204,12303,10166,11713,12304,12309
11550,10977,10801,11726,11557,11787,10553,11563,11704,11553,11746,10537,12775,11243,10560,10175,12122,13329,13903,14883,10509
11552,11023,10805,10708,11561,11576,10601,10543,11514,10566,11530,10175,10171,10166,11243,14526,10173,11950,10312,10306,10174
11553,10605,10589,11756,10553,11598,11722,10703,10595,10520,11714,10509,10537,10175,11243,12775,13329,12122,10930,13903,14883
11554,11575,11762,11576,10566,11510,10543,10805,11023,11530,10984,10509,12122,10537,12775,11243,13329,10175,14883,10930,10560
11556,10594,12553,10987,10916,10579,10516,11740,11713,11798,13748,10993,10537,12814,10509,12033,12122,12204,12304,12309,12401
11557,11787,10553,11726,11550,10977,11703,11717,10801,11553,10589,10537,12122,10175,14883,12775,13903,10930,10509,11243,13329
11558,11096,10710,10520,11030,10591,11706,10605,10589,11553,10553,12775,10175,12122,10560,10537,13329,10509,10930,13903,11243
11559,10123,11753,10151,11242,10172,11371,10105,10176,10167,11005,10509,12122,12204,12304,12309,12401,13903,12508,12515,12518
11560,14304,10577,11730,11784,11772,11720,10706,11509,10595,12202,10930,11243,13329,12865,12814,12790,12779,12775,12721,12533
11561,10805,11704,11563,11023,11510,10977,10801,11726,11030,10710,10175,10171,10166,11243,14526,10173,10312,10314,10306,11219
11563,11704,11030,10801,11726,11561,11706,10977,11510,11722,10520,12122,10560,10930,11243,10537,12775,13329,10509,14883,10175
11565,10507,11754,10709,12303,10580,10576,11732,10989,11568,11777,12779,13480,13820,12033,12508,12204,12865,10175,11946,12814
11566,11743,10804,11716,11714,14051,10954,11518,11042,11795,10956,12304,12814,12721,12533,12528,12865,12525,12518,12515,12508
11568,10989,11732,11777,10576,10950,11599,10270,10921,10964,10526,14901,12309,12304,12211,12209,12206,12205,12204,12203,12189
11570,11791,11731,10552,11758,11010,11803,11572,11042,11020,10583,13480,11946,12790,10993,12721,12533,12814,12528,12865,13350
11572,10583,11010,11758,11042,10705,11566,11731,11598,10591,10804,10175,10171,10166,11243,14526,13480,10173,11950,10312,11385
11575,11554,11762,11576,11801,10543,10566,11530,10805,11510,11776,10537,11243,10560,12122,12775,13329,10175,14883,10509,10930
11576,10805,11762,10601,11510,10543,11554,11023,11575,11801,11776,10175,10930,10509,12122,10560,12775,11243,10537,13903,14883
11577,11719,11579,10506,10533,10980,11779,11780,12207,11024,10962,10930,10509,11946,12525,12528,13350,12533,10537,10175,12721
11579,10533,10506,11719,10980,11577,10962,11780,12207,11024,10707,10930,13329,12865,12814,12790,12779,12775,12721,12533,12528
11580,10710,11561,10550,10601,11563,11581,11096,11704,10805,11558,10175,10171,10166,11243,10173,14526,10312,10174,10306,10279
11581,10710,11558,10591,11096,11030,10705,11563,11598,10520,11553,10175,10171,10166,11243,10173,14526,10312,10306,10174,10279
11590,11749,10523,11747,11743,11797,11714,11756,11716,11720,11566,12304,12814,12309,12401,12508,13350,12515,13480,12518,12525
11596,11545,10706,11709,11784,11730,11755,11772,10577,12553,10960,10930,13350,13329,12865,12814,12790,12779,12775,12721,12533
11598,11722,10583,11756,11710,10589,11746,10605,11553,11706,10705,10175,10171,10166,11243,14526,10173,10312,10314,11385,11230
11599,10270,10950,10921,10964,10526,10913,11792,11777,13790,11721,14901,12309,12304,12211,12209,12206,12205,12204,12203,12189
11691,11208,11207,11433,10469,11212,10466,11233,10473,11435,10467,14845,12540,14094,11705,11764,12787,10505,13756,11937,11789
11692,11691,11423,11693,10303,11433,10473,11212,11436,11233,11207,11950,10560,13903,10537,13329,12122,14883,10509,14526,11963
11693,10302,11694,10471,10310,11691,10303,11106,11102,11232,11235,11950,13480,14845,12540,14094,11705,11764,12787,10505,13756
11694,11235,10471,11693,10306,11105,11414,10301,11423,11229,11385,11950,14845,12540,14094,11705,11764,12787,10505,13756,11937
11697,10119,10169,10152,10176,11359,10166,10279,10162,10178,10106,14526,11950,13480,10560,13903,10537,13329,12775,12122,14883
11701,10536,11768,10604,10549,10532,11507,10703,11788,11795,11742,10930,10537,12865,12814,12790,12779,12775,12721,12533,12528
11702,11767,10514,14203,11727,14068,14226,14624,12144,11967,12754,10930,13329,10537,10509,12865,12790,12779,12775,12721,12533
11703,11717,10962,11557,11787,11579,10506,10533,11719,10980,11577,10537,10930,10509,14883,10175,13903,10560,11243,12122,12775
11704,11563,10801,11510,11561,11726,10977,11030,10522,11706,11746,10509,12122,10175,10537,10930,13329,12775,14883,11243,10560
11705,11764,12787,10505,14094,12540,13756,14845,11937,11789,12589,12779,12528,12533,10989,12721,12775,11798,12790,12525,12814
11706,10520,11722,11030,10589,10605,11756,11598,11563,11553,10595,10509,12775,13329,10175,10930,10537,11243,14883,10560,13903
11708,10570,14618,10925,14901,10901,14217,14701,10990,14052,12524,10964,10270,10984,10177,11946,10175,11950,10172,10171,12033
11709,11755,11545,11596,12553,10706,10960,11784,11730,11772,10594,10930,11243,13350,13329,12865,12814,12790,12779,12775,12721
11710,11598,11756,10583,11722,11590,11042,11746,11566,11749,10523,10175,10171,10166,11243,14526,10173,11950,13480,10312,10025
11713,11740,11798,13748,11721,13790,11792,10913,10526,10964,10921,14901,12309,12304,12211,12209,12206,12205,12204,12203,12189
11714,11716,10954,10538,11518,14051,10956,10983,12202,11509,11720,10930,13480,12122,12204,12304,13350,12309,12401,12508,12033
11715,14020,12189,10920,14726,14305,11968,14218,13614,10923,13039,12779,12528,12533,10989,12721,12775,11798,12790,12525,12814
11716,11714,10954,14051,11518,10538,10983,10956,11795,12202,11509,10930,10537,12865,12814,12790,12779,12775,12721,12533,12528
11717,10962,10707,11024,12207,11780,11703,11742,10532,11719,11779,10537,10930,10509,14883,10175,13903,10560,11243,12122,12775
11719,10506,10980,11579,10533,11780,11577,12207,10962,11024,10707,10930,13329,10537,12865,12814,12790,12779,12775,12721,12533
11720,14304,11509,12202,10956,10983,10538,10595,11560,11714,10523,10930,10537,13329,12865,12814,12790,12779,12775,12721,12533
11721,13748,13790,11798,11713,11792,11740,10913,10526,10964,10921,14901,12309,12304,12211,12209,12206,12205,12204,12203,12189
11722,11598,10589,11706,10605,11746,11756,11553,10520,11710,11726,10175,10171,10166,11243,14526,11950,10173,10312,10025,10314
11724,10590,11778,11729,10994,11783,11767,11702,14208,11757,10514,10930,11946,12033,12122,12204,12304,12309,13480,12401,13350
11725,11757,11783,14208,11729,10994,11577,11579,10590,10510,10533,12721,10175,13350,10509,12304,11946,12775,12779,12533,12790
11726,10977,10801,11557,11787,11550,10553,11563,11704,11746,11722,10537,10930,10509,14883,10175,13903,10560,11243,12122,12775
11727,14068,14203,14226,14624,12144,11967,12754,14202,14120,13088,11946,10270,11792,10177,11798,10175,10172,10171,11950,12033
11729,11724,10590,10994,11778,11725,11783,11767,11702,11757,14208,12775,12533,12525,12779,11946,13329,12033,12122,12865,12204
11730,11784,10577,11772,10706,11596,11560,11545,11709,14304,11755,10930,11243,13329,12865,12814,12790,12779,12775,12721,12533
11731,11570,11042,11758,11572,11010,10583,11791,10552,11566,11565,10175,12814,12790,13480,12779,12721,12533,12528,12525,12518
11732,10576,10989,11568,11777,12303,10950,11599,10270,10921,10964,14901,12401,12309,12304,12211,12209,12206,12205,12204,12428
11733,10952,11782,10960,10950,11599,10270,10921,11777,10964,10526,14901,11963,11967,11968,11980,12024,12046,12071,12122,12144
11735,11550,11553,11747,11797,11590,10801,11557,11726,10553,11710,10930,10175,10560,12122,12775,13329,10537,13903,10509,11243
11738,12701,10547,11796,14043,12550,13905,13088,14209,14132,10541,10171,11721,11713,11599,11568,10166,10579,10172,10175,10270
11740,11713,11798,13748,11721,13790,11792,10913,10526,10964,10921,14901,12309,12304,12211,12209,12206,12205,12204,12203,12189
11741,10924,14228,11766,12205,13053,14127,10702,14450,14206,14223,10993,10171,12779,11950,11946,12790,10166,11798,10537,12814
11742,10707,11024,10532,12207,11780,10604,10536,11701,11779,11768,10930,13350,13329,12865,12814,12790,12779,12775,12721,12528
11743,11566,10804,11714,11716,14051,10954,11518,11795,10956,10538,12304,12865,12814,12790,12779,12721,12533,12528,13350,12525
11746,11598,11722,10705,10583,11726,10801,11710,10553,11553,10977,10175,10171,10166,11243,14526,11950,10173,10312,10025,11385
11747,11788,11590,11797,11743,11749,11714,11716,11701,11507,11779,10930,13350,10509,13329,12865,12790,12779,12775,12721,12533
11749,10523,11720,11714,14304,11716,11590,10595,11509,10538,10956,10930,12865,12814,10560,12790,12779,12775,12721,12533,12528
11751,13203,14710,14301,10941,13440,12941,12428,14108,12788,12211,12790,12528,12533,10989,12721,12775,12779,11798,12525,12814
11753,11559,10123,10151,10172,11371,11242,10167,10105,11005,11241,10509,12533,11946,12528,12525,12518,10560,10930,12515,12122
11754,10507,10709,12303,10580,10576,11732,10989,11568,11777,10950,14901,12309,12304,12211,12209,12206,10501,12205,12204,10505
11755,11709,11545,12553,11596,10960,10594,11556,10706,11784,11730,10930,11243,13350,13329,12865,12814,12790,12779,12775,12721
11756,10595,10605,10589,10523,11720,11714,10956,11749,10538,11509,10175,10171,11243,10166,14526,10173,11950,13480,12775,10312
11757,14208,11783,11579,10533,11577,10506,11719,10980,10510,11725,10930,10560,12865,12814,12790,12779,12775,12721,12533,12528
11758,11010,11572,11042,11731,11566,10583,11570,10804,10591,10705,12304,12779,12865,12721,12533,12528,12525,12518,13350,12515
11762,11575,11554,11576,11542,11801,10805,10543,11510,11023,10566,11243,14883,13903,13329,10175,12775,10930,10560,10537,10509
11763,14225,12206,12590,11804,10606,10512,12601,13601,13905,10704,11950,11777,11740,10987,10917,11568,10560,10921,10537,10964
11764,12787,11705,10505,13756,11937,14094,12540,14845,11789,12589,12779,12528,12533,10989,12721,12775,11798,12790,12525,12814
11765,14222,14009,14414,14614,12203,10501,14814,13501,14120,14202,11733,12533,12721,12775,10989,12779,10987,12790,10560,12814
11766,12205,14127,14450,11741,14206,10924,14223,14228,13053,10702,13903,12033,12865,12204,12304,10509,12309,12401,12779,13820
11767,11702,10514,14120,13501,14202,14814,10501,14203,11727,14068,10930,12814,12790,12779,12775,12721,10509,12533,12528,12525
11768,10549,11701,10604,11795,10536,11507,10703,14051,11518,11716,10930,13350,13329,12865,12814,12779,12775,10509,12721,12533
11769,11948,14108,10941,13203,11751,14710,14301,13440,12941,12428,12779,12528,12533,10989,12721,12775,11568,12790,12525,12814
11771,10549,11795,10703,14051,11768,11518,11507,10954,11716,11701,10930,10560,10537,14883,10509,11243,12775,13903,10175,12122
11772,10577,11730,11784,10706,11596,11560,11545,11709,14304,11755,10930,13350,13329,12865,12814,12790,12779,12775,12721,12528
11776,11801,11550,10543,10601,10977,11576,10805,11557,10801,11510,10560,10509,11243,12122,10930,12775,10537,13903,13329,14883
11777,11568,10989,10950,11599,10270,10921,11732,10964,10526,10913,14901,12309,12304,12211,12209,12206,12205,12204,12203,12189
11778,11724,11729,10590,11767,11702,10994,10514,11951,14020,11715,10930,11243,10509,13329,12865,12814,12790,12779,12775,12721
11779,10532,11024,10707,11742,11577,11788,12207,11780,10536,11719,10930,13329,12865,12814,11243,12790,12775,12721,12533,12528
11780,12207,10707,11024,11742,11719,10980,10506,10532,10962,11577,10930,13350,13329,12865,12814,12790,12775,12721,12533,12528
11782,11733,10952,11713,11740,11798,13748,11721,13790,11792,10913,14901,11967,11968,11980,12024,12046,12071,12122,12144,12189
11783,14208,11757,10994,10510,10533,11579,10590,10506,10980,11719,13820,12304,12309,12401,12508,12515,12518,13350,12525,12533
11784,11730,10577,10706,11772,11596,11560,11545,11709,14304,11755,10930,10537,12525,12528,12533,12721,13820,13903,12775,12779
11787,11557,10553,11726,10977,11550,11717,11703,10801,11553,10589,10537,10560,12775,10175,12122,13329,14883,10509,10930,13903
11788,10536,10532,11701,11779,10604,11768,11742,11747,11024,11507,10930,12401,12508,12515,12518,13350,12525,12309,12528,10560
11789,12589,13850,14220,11937,13756,12071,10505,12787,11764,11705,12779,12528,12533,10989,12721,12775,11798,12790,12525,12814
11790,10504,10528,10560,13903,10537,13329,12122,14883,11963,10509,14901,12515,12508,12428,12401,12309,12304,12211,12518,12209
11791,11570,10552,11803,11731,11010,11758,11020,11572,11520,11042,12721,12790,12779,12533,12528,12525,12518,12515,12508,12401
11792,10913,13790,11721,13748,10526,10964,11798,11713,11740,10921,14901,12309,12304,12211,12209,12206,12205,12204,12203,12189
11793,11516,10104,10178,10165,10122,10152,10176,11697,10121,11109,10930,10175,12775,10509,10537,13903,10560,13329,12122,14883
11795,14051,11518,10549,10954,11716,11507,11768,11714,10538,10983,10930,13350,13329,12865,12790,12779,10509,12775,12721,12533
11796,12701,10547,11738,14043,12550,14301,14710,11751,13203,13440,10576,10171,11732,11950,10516,11740,10166,11754,11243,10580
11797,11747,11590,11566,11743,11788,11749,11010,10804,11779,11714,12518,12309,12814,12790,12779,12721,12533,10175,12528,12525
11798,13748,11713,11721,11740,13790,11792,10913,10526,10964,10921,14901,12309,12304,12211,12209,12206,12205,12204,12203,12189
11801,11776,11576,10543,11575,10601,10805,11762,11550,10598,11510,11243,10930,10509,10175,10560,12122,12775,10537,13329,13903
11803,11020,11791,11570,10552,11731,11003,11520,11758,11010,11572,12401,12814,12721,12533,12528,12525,12518,12865,12515,13350
11804,12590,14225,10512,11763,12206,12601,10606,13905,12550,14043,10930,10509,11243,10175,10560,12122,12775,10537,13329,14883
11901,10704,13601,13820,12309,12528,12304,12525,14621,12790,12779,12122,10537,10560,10930,11243,12775,10175,10509,13903,14883
11933,14303,12046,14850,13057,10015,12549,14075,14467,13322,14211,12790,12528,12533,10989,12721,12775,12779,11798,12525,12814
11934,10926,13490,12211,12788,13322,14467,14075,12428,12941,13440,12790,12528,12533,10989,12721,12775,12779,11798,12525,12814
11937,13756,10505,12787,11789,11764,11705,12589,13850,14220,12071,12779,12528,12533,10989,12721,12775,11798,12790,12525,12814
11946,12721,14616,12508,10993,12518,12033,12401,13350,12204,12779,14901,11803,11798,11797,10706,10707,11795,10709,11792,11791
11948,11769,14108,10941,13203,11751,14710,14301,13440,12941,12428,12779,12528,12533,10989,12721,12775,11568,12790,12525,12814
11950,11430,10017,11369,10022,10036,10001,10016,10019,10003,10010,14901,10537,10541,12721,10546,10547,12701,12603,12601,12590
11951,12189,14305,11715,14020,10920,11968,14218,13614,10923,14726,10175,12122,12204,10993,12304,12309,12401,12508,12515,13480
11963,13329,10537,13903,10560,12122,14883,10509,10528,10940,10504,12204,12033,10965,10270,10576,10175,10172,10171,12303,12304
11967,12754,12144,14624,14226,14068,11727,14203,13088,14209,14132,12515,10175,11950,10172,10171,12033,12122,12204,12303,10166
11968,14218,13614,10923,14305,12071,14220,13850,12589,12189,11789,12779,12528,12533,10989,12721,12775,11798,12790,12525,12814
11980,10546,12603,14615,12917,14211,12024,12549,13057,14850,14303,12779,12528,12533,10989,12721,12775,11798,12790,12525,12814
12024,12917,12603,13039,10546,11980,14726,10920,14020,14615,11715,12779,12528,12533,10989,12721,12775,11798,12790,12525,12814
12033,12401,12518,10993,12508,13350,14616,12204,11946,12779,12790,14901,11798,11797,11795,10702,11792,11791,11790,10706,10707
12046,10015,11933,14075,14303,14467,13322,14850,13057,13490,10926,12790,12528,12533,10989,12721,12775,12779,11798,12525,12814
12071,14220,13850,12589,11789,10923,13614,14218,11968,11937,13756,12779,12528,12533,10989,12721,12775,11798,12790,12525,12814
12122,14883,13329,10537,13903,10560,10509,11963,10528,10504,10940,14901,10983,10980,10977,10970,10965,10964,10962,10984,10960
12144,11967,14624,12754,14226,14068,11727,14203,13088,14209,14132,12515,10175,11950,10172,10171,12033,12122,12204,12303,10166
12189,11715,14020,14305,10920,14726,11968,14218,13614,10923,12071,12779,12528,12533,10989,12721,12775,11798,12790,12525,12814
12202,11509,10983,10956,10538,11720,10954,11518,14304,10595,11714,10930,11243,13329,12865,12814,12790,12779,12775,12721,12533
12203,10501,14414,14009,14814,13501,14120,14202,11765,14222,14203,11798,10270,12779,10504,12790,12814,12865,11790,12775,10964
12204,12779,12790,14621,12525,12304,13350,12528,12401,12033,12518,14901,11798,11797,10702,11795,11792,11791,10706,10707,11790
12205,14127,11766,14450,14206,11741,14223,10924,14228,13053,10702,11950,12515,12518,11599,11568,12525,11243,12528,10709,10913
12206,11763,12590,14225,11804,10606,10512,12601,13601,13905,11542,10579,11792,11790,10509,10507,11754,10504,11740,11732,11243
12207,11780,10707,11024,11742,11719,10980,10506,10532,10962,11779,10930,13350,13329,12865,12814,12790,12775,12721,12533,12528
12209,13202,12524,14052,10990,14701,14217,10901,14901,10925,11708,11740,10964,11754,11777,11782,11790,11792,10270,11798,10177
12211,12788,12428,12941,13440,11934,14301,14710,11751,13203,10926,12790,12528,12533,10989,12721,12775,12779,11798,12525,12814
12303,10576,11732,10709,10989,11568,11777,10950,11599,10270,10921,14901,12401,12309,12304,12211,12209,12206,12205,12204,12428
12304,12525,14621,12790,12528,12779,12204,13350,12309,12401,12033,14901,11797,10702,11795,11792,11791,10706,10707,11790,10709
12309,12528,12304,13820,12525,14621,12790,12779,12204,13350,12401,14901,11797,11795,10702,11792,11791,11790,10706,10707,11789
12401,12033,12518,13350,10993,12508,14616,12204,12779,12790,11946,14901,11798,11797,11795,10702,11792,11791,11790,10706,10707
12428,12941,13440,12788,12211,14301,14710,11751,13203,10941,11934,12790,12528,12533,10989,12721,12775,12779,11798,12525,12814
12508,14616,10993,12518,12033,12401,11946,12721,13350,12204,12779,14901,11798,11797,11795,10702,11792,11791,11790,10706,10707
12515,12721,11946,14616,12508,10993,12518,12033,12401,13350,12204,14901,11792,11791,10604,11790,11789,11788,10702,11784,11783
12518,10993,12033,12401,12508,14616,13350,11946,12721,12204,12779,14901,11798,11797,11795,10702,11792,11791,11790,10706,10707
12524,14052,12209,10990,13202,14701,14217,10901,14901,10925,11708,11740,10964,11754,11777,11782,11790,11792,10270,11798,10177
12525,12304,14621,12790,12779,12528,12204,13350,12309,12401,12033,14901,11797,10702,11795,11792,11791,10706,10707,11790,10709
12528,12304,12525,14621,12790,12779,12204,12309,13350,12401,12033,14901,11797,10702,11795,11792,11791,10706,10707,11790,10709
12533,10970,11542,10993,12508,12518,14616,12033,12401,11946,13350,14901,10926,10925,10924,10923,10921,10920,10930,10917,10913
12540,14094,14845,11705,11764,12787,10505,13756,11937,11789,12589,12779,12528,12533,10989,12721,12775,11798,12790,12525,12814
12549,13057,14850,14211,14303,11933,12046,14615,10015,14075,14467,12790,12528,12533,10989,12721,12775,12779,11798,12525,12814
12550,14043,10547,13905,12601,10512,12701,11738,11796,11804,12590,10987,10166,11568,10509,11713,11721,11732,11243,11740,11754
12553,11755,10594,11556,11709,11545,10960,11596,10706,10580,12303,10930,12122,13820,12204,12304,12309,12401,12508,13480,12515
12589,13850,14220,12071,11789,11937,13756,10923,13614,10505,14218,12779,12528,12533,10989,12721,12775,11798,12790,12525,12814
12590,14225,11763,11804,12206,10606,10512,12601,13905,12550,14043,10930,10509,10507,10504,11950,11798,11792,11790,11777,11754
12601,10512,13905,12550,14043,11804,10547,12590,14225,12701,11738,10930,11721,10989,10172,10171,10709,11950,10560,11798,10166
12603,12917,10546,12024,11980,13039,14615,14726,14211,10920,12549,12779,12528,12533,10989,12721,12775,11798,12790,12525,12814
12701,10547,11796,14043,11738,12550,13905,10941,14108,13203,11751,10964,11950,10055,11798,11792,11790,10580,11777,11754,11732
12721,11946,14616,12508,10993,12518,12033,12401,13350,12204,12779,14901,11803,11798,11797,10706,10707,11795,10709,11792,11791
12754,11967,12144,14624,14226,14068,11727,14203,13088,14209,14132,12515,10175,11950,10172,10171,12033,12122,12204,12303,10166
12771,10702,13053,14228,10924,14210,11741,11766,12205,14127,14450,12309,12304,10509,12303,12204,14526,12122,12033,10537,13350
12775,10930,10509,14883,12122,13329,11963,10537,13903,10560,10528,14901,12205,11096,12206,12207,11024,12209,12211,12303,12304
12779,12204,12790,14621,12525,12304,13350,12528,12401,12033,12518,14901,11798,11797,10702,11795,11792,11791,10706,10707,11790
12787,10505,11764,13756,11937,11705,11789,14094,12540,12589,14845,12779,12528,12533,10989,12721,12775,11798,12790,12525,12814
12788,12211,12428,12941,13440,11934,14301,14710,11751,13203,10926,12790,12528,12533,10989,12721,12775,12779,11798,12525,12814
12790,14621,12779,12204,12525,12304,12528,13350,12401,12033,12518,14901,11798,11797,10702,11795,11792,11791,10706,10707,11790
12814,14626,13820,12309,12528,12304,12525,14621,12790,12779,12204,14901,11797,10702,11795,11792,11791,10706,10707,11790,10709
12865,12515,14616,12508,10993,11946,12518,12033,12721,12401,13350,14901,11792,10604,11791,11790,11789,10702,11788,11784,11783
12917,12024,12603,13039,10546,11980,14726,10920,14615,14020,11715,12779,12528,12533,10989,12721,12775,11798,12790,12525,12814
12941,12428,13440,12788,12211,14301,14710,11751,13203,10941,11934,12790,12528,12533,10989,12721,12775,12779,11798,12525,12814
13039,12024,12917,12603,14726,10920,10546,14020,11715,11980,12189,12779,12528,12533,10989,12721,12775,11798,12790,12525,12814
13053,10702,14228,10924,11741,12771,11766,12205,14127,14450,14206,12303,10567,11740,12814,11733,10576,11732,10579,10580,11721
13057,14850,12549,14303,11933,14211,12046,10015,14615,14075,14467,12790,12528,12533,10989,12721,12775,12779,11798,12525,12814
13088,14209,14132,10541,11548,12754,11967,12144,14624,13202,12209,10921,10175,11950,10172,10171,12033,12122,12204,12303,10166
13202,12209,12524,14052,10990,14701,14217,10901,14901,10925,11708,11740,10964,11754,11777,11782,11790,11792,10270,11798,10177
13203,11751,14710,14301,10941,13440,12941,12428,14108,12788,12211,12790,12528,12533,10989,12721,12775,12779,11798,12525,12814
13322,14467,14075,13490,10926,10015,12046,11934,11933,14303,12211,12790,12528,12533,10989,12721,12775,12779,11798,12525,12814
13329,10537,13903,10560,12122,14883,10509,11963,10528,10504,10940,14901,10990,10989,10987,10984,10983,10980,10977,10993,10970
13350,12401,12033,12204,12779,12518,12790,14621,10993,12525,12508,14901,11798,11797,10702,11795,11792,11791,10706,10707,11790
13440,12941,12428,14301,12788,12211,14710,11751,13203,10941,11934,12790,12528,12533,10989,12721,12775,12779,11798,12525,12814
13480,13502,11412,11413,11434,11429,13820,12309,12528,12304,12525,14901,10604,11795,11792,11791,10702,11790,11789,11788,10706
13490,10926,13322,14467,14075,11934,10015,12046,12211,12788,11933,12790,12528,12533,10989,12721,12775,12779,11798,12525,12814
13501,14120,14202,14814,10501,12203,14203,11727,14068,14226,14624,10171,12515,12518,12525,11754,12528,12533,12721,10930,12775
13502,12024,12917,13039,12603,10546,11980,14726,10920,14020,11715,11950,10580,10579,10576,14526,10055,10560,13903,11798,10177
13601,12508,10993,14616,12518,12033,12401,11946,13350,12721,12204,10177,11732,10055,11721,11713,11599,11568,10166,10171,10172
13614,10923,14218,11968,12071,14305,14220,13850,12589,11789,12189,12779,12528,12533,10989,12721,12775,11798,12790,12525,12814
13748,11721,11798,13790,11713,11740,11792,10913,10526,10964,10921,14901,12309,12304,12211,12209,12206,12205,12204,12203,12189
13756,11937,10505,12787,11764,11789,11705,12589,13850,14220,12071,12779,12528,12533,10989,12721,12775,11798,12790,12525,12814
13790,11721,13748,11792,11798,10913,11713,11740,10526,10964,10921,14901,12309,12304,12211,12209,12206,12205,12204,12203,12189
13820,12309,12528,12304,12525,14621,12790,12779,12204,13350,12401,14901,10702,11797,11795,11792,10706,10707,11791,10709,11790
13850,14220,12589,12071,11789,10923,13614,11937,13756,14218,11968,12779,12528,12533,10989,12721,12775,11798,12790,12525,12814
13903,10560,10537,13329,12122,14883,10509,11963,10528,10504,10940,14901,10994,10993,10990,10989,10987,10984,10983,12046,10980
13905,12601,10512,14043,12550,10547,11804,12701,12590,11738,14225,10950,10537,10166,11243,11568,11599,12122,10560,11713,11721
14009,14414,11765,14222,12203,10501,14814,13501,14120,14202,14614,11790,12528,11782,12533,12721,12775,12779,10560,12525,12790
14020,11715,12189,10920,14726,14305,11968,14218,13614,10923,13039,12779,12528,12533,10989,12721,12775,11798,12790,12525,12814
14043,10547,12550,13905,12601,12701,10512,11738,11796,11804,12590,10950,11568,11599,11713,11721,11732,11740,10166,11754,11777
14051,11795,11518,10954,11716,10549,11714,10538,10983,10956,11507,10930,13350,13329,12865,12814,12790,12775,12721,12533,12528
14052,10990,12524,14701,14217,12209,10901,13202,14901,10925,11708,11740,10964,11754,11777,11782,11790,11792,10270,11798,10177
14068,11727,14203,14226,14624,12144,11967,12754,14202,14120,13088,11946,10270,11792,10177,11798,10175,10172,10171,11950,12033
14075,14467,13322,10015,13490,10926,12046,11933,11934,14303,14850,12790,12528,12533,10989,12721,12775,12779,11798,12525,12814
14094,12540,14845,11705,11764,12787,10505,13756,11937,11789,12589,12779,12528,12533,10989,12721,12775,11798,12790,12525,12814
14108,10941,13203,11751,14710,14301,11948,11769,13440,12941,12428,12790,12528,12533,10989,12721,12775,12779,11798,12525,12814
14120,13501,14202,14814,10501,14203,12203,11727,14068,14226,14624,10171,12515,12518,12525,11754,12528,12533,12721,10930,12775
14127,12205,11766,14450,14206,14223,11741,10924,14228,13053,10702,11950,12775,10166,11946,11798,12779,12790,11792,12814,11790
14132,14209,13088,10541,11548,12754,11967,12144,14624,13202,12209,10921,10175,11950,10172,10171,12033,12122,12204,12303,10166
14202,14120,13501,14814,10501,14203,11727,14068,14226,12203,14624,10171,11790,11792,10270,10177,11798,10175,11946,10172,11950
14203,11727,14068,14226,14624,12144,11967,12754,14202,14120,13501,11946,10270,11792,10177,11798,10175,10172,10171,11950,12033
14206,14450,14223,14127,12205,11766,11741,10924,14614,14228,13053,11950,12204,10509,10507,12303,12304,10504,12309,12401,12508
14208,11783,11757,10533,11579,10506,10980,11719,11577,10510,10962,10930,12304,12309,12401,12508,12515,12518,12525,12528,12533
14209,13088,14132,10541,11548,12754,11967,12144,14624,13202,12209,10921,10175,11950,10172,10171,12033,12122,12204,12303,10166
14210,12771,10702,14221,13053,14228,10924,11741,11766,12205,14127,12401,12508,10537,13748,10166,12309,13790,13820,12304,13903
14211,12549,14615,13057,14850,14303,11933,12046,10015,14075,14467,12790,12528,12533,10989,12721,12775,12779,11798,12525,12814
14217,14701,10990,14052,10901,14901,10925,12524,12209,13202,11708,10964,10270,10984,10177,11946,10175,11950,10172,10171,12033
14218,11968,13614,10923,14305,12071,14220,13850,12589,12189,11789,12779,12528,12533,10989,12721,12775,11798,12790,12525,12814
14220,13850,12589,12071,11789,10923,13614,11937,14218,11968,13756,12779,12528,12533,10989,12721,12775,11798,12790,12525,12814
14221,14210,12771,10702,13053,14228,10924,11741,11766,12205,14127,12401,12533,13820,13903,12528,14526,12525,10537,12518,12515
14222,11765,14009,14414,14614,12203,10501,14814,13501,14120,14202,11733,12533,12721,12775,10989,12779,10987,12790,10560,12814
14223,14206,14450,14127,12205,11766,14614,11741,10924,14228,14222,10516,12528,10166,11790,12533,12721,12775,11782,12779,11777
14225,12590,11763,11804,12206,10606,10512,12601,13905,12550,11542,10166,11721,11732,11740,10709,11754,11777,11713,11790,10913
14226,14068,11727,14203,14624,12144,11967,12754,13088,14209,14132,10984,11782,11790,11792,10270,11798,10177,11946,10175,11950
14228,10924,13053,11741,10702,11766,12205,14127,12771,14450,14206,12204,12122,10526,12303,12304,12309,10516,12401,12508,12515
14301,14710,11751,13203,13440,10941,12941,12428,12788,12211,14108,12790,12528,12533,10989,12721,12775,12779,11798,12525,12814
14303,11933,14850,13057,12549,12046,10015,14075,14211,14467,13322,12790,12528,12533,10989,12721,12775,12779,11798,12525,12814
14304,11720,11560,11509,12202,10595,10956,10983,10577,10538,11730,10930,13350,13329,12865,12790,12779,12775,10509,12721,12533
14305,11968,14218,12189,13614,10923,11715,14020,12071,10920,14220,12779,12528,12533,10989,12721,12775,11798,12790,12525,12814
14414,14009,12203,11765,14222,10501,14814,13501,14120,14202,14614,10989,10984,11792,11798,10987,10917,11946,11950,12033,10270
14450,14206,14127,14223,12205,11766,11741,10924,14228,14614,13053,11950,12204,10509,10507,12303,12304,10504,12309,12401,12508
14467,14075,13322,10015,13490,10926,12046,11934,11933,14303,14850,12790,12528,12533,10989,12721,12775,12779,11798,12525,12814
14526,11430,10003,10012,11369,10017,11950,10009,10022,10016,10002,14901,11548,10537,10546,10547,12701,12603,10560,12601,10570
14614,14222,11765,14009,14414,14223,12203,14206,14450,10501,14127,10504,11790,10509,10507,11792,11798,11946,11950,12033,10965
14615,14211,12549,13057,14850,14303,11980,11933,12046,10015,14075,12779,12528,12533,10989,12721,12775,11798,12790,12525,12814
14616,12508,10993,12518,12033,11946,12401,12721,13350,12204,12779,14901,11798,11797,11795,10702,11792,11791,11790,10706,10707
14618,10570,11708,10925,14901,10901,14217,14701,10990,14052,12524,10964,10270,10984,10177,11946,10175,11950,10172,10171,12033
14621,12790,12525,12779,12304,12204,12528,13350,12401,12033,12309,14901,11798,11797,10702,11795,11792,11791,10706,10707,11790
14624,14226,12144,14068,11727,14203,11967,12754,13088,14209,14132,12515,11946,10175,11950,10172,10171,12033,12122,12204,12303
14626,12814,13820,12309,12528,12304,12525,14621,12790,12779,12204,14901,11797,10702,11795,11792,11791,10706,10707,11790,10709
14701,14217,10990,14052,10901,14901,12524,10925,12209,13202,11708,10964,10270,10984,10177,11946,10175,11950,10172,10171,12033
14710,11751,13203,14301,10941,13440,12941,12428,14108,12788,12211,12790,12528,12533,10989,12721,12775,12779,11798,12525,12814
14726,10920,14020,11715,13039,12189,12024,14305,12917,12603,11968,12779,12528,12533,10989,12721,12775,11798,12790,12525,12814
14814,13501,14120,14202,10501,12203,14203,11727,14068,14226,14624,10930,12518,12525,12528,11754,12533,12721,12775,11777,12779
14845,12540,14094,11705,11764,12787,10505,13756,11937,11789,12589,12779,12528,12533,10989,12721,12775,11798,12790,12525,12814
14850,13057,12549,14303,11933,14211,12046,10015,14615,14075,14467,12790,12528,12533,10989,12721,12775,12779,11798,12525,12814
14883,12122,13329,10537,13903,10560,10509,11963,10528,10504,10940,14901,10984,10983,10980,10977,10970,10965,10964,10987,10962
14892,14221,14210,12771,10702,13053,14228,10924,11741,11766,12205,10166,14526,12779,11599,12775,12721,10709,12204,10270,10177
14901,10925,10901,14217,14701,11708,10990,14052,10570,12524,14618,10964,10270,10984,10177,11946,10175,11950,10172,10171,12033
